phone num,Average Duration Call,Average Data Usage,Sum of Money Spending,label
9120146566,0.4267679988731514,633.3546853886736,259.28114693224234,0
9925274364,1.7674092306095912,83.89482702693738,110.60789523662307,0
9151506323,1.5860436819046653,309.47814230330675,1955.4881650755808,0
9153203203,19.776225689971316,888.3263888195767,659.6358907113258,1
9120738744,6.1178870904987805,184.8491827732295,846.2518315205607,0
9120331457,2.1752295402671433,141.2540172065179,716.4658548578374,0
9123561444,3.6974249100147327,287.1494056360441,920.9460457171111,0
9915463058,11.563874963173802,1547.5330763830252,706.9985068318488,0
9913628854,7.334934883787227,1001.4349680682335,166.78566806510696,0
9928442187,4.7007989334700975,421.99904598190716,2229.0281440240838,0
9131583353,11.588515645210698,189.979865650263,2016.3251561816842,0
9126082116,1.5774532808557626,91.04715664867331,324.81981131241304,0
9925644007,0.36109606761985813,1966.2632590544104,592.9992742737553,0
9130441563,0.8724067877831572,366.22483327988584,1253.1296212642521,0
9122866044,30.582506784634088,783.2105997303338,546.6561035421852,1
9927064301,22.43312350492833,16.510641795488223,1330.315875524727,0
9154845675,0.3559268175714878,1350.6331519725702,320.3302786648007,0
9135835360,0.6006656995227975,1585.704253685655,1366.148864686416,0
9920804807,0.09950890703551199,291.8072553699508,1094.9084262485458,0
9915447708,0.9772654736222406,119.38612134994341,1661.9023437687008,0
9157673521,0.8831824428847824,47.62772409450981,504.9246242660397,0
9157305075,9.20095864118087,924.4247161115477,784.09731266201,0
9923013620,3.6999229011475703,2136.264439865353,86.38457475591463,0
9912121625,14.631344562039207,1006.4149444046036,4143.926925346769,1
9131268117,16.14276266212221,244.14837961097064,77.7827462476103,0
9137658433,1.9556223971214575,194.14520388366557,2875.155040412068,0
9915077870,4.923967845917182,241.45226026134097,137.3067889217049,0
9151826542,3.7866622315312757,798.878131981534,2077.732984022963,1
9913552576,2.2600531213666066,1214.1116259505302,554.4345225452735,0
9120787332,15.502341402022967,427.9664911081975,916.4134056879866,0
9146001304,1.7348866324101007,931.9435587485614,924.230302695759,0
9921445822,6.274810420008672,368.7160870162982,2018.8053589732165,0
9141755478,2.6058556570646836,810.1945725594998,1047.7886110549132,0
9134225075,13.069542794673987,137.26113834220095,22.317648678960115,0
9923017833,2.6543343677663227,408.8136211473068,210.0687811819867,0
9150276555,0.8913378628589044,71.02424584436291,65.79780844778406,0
9136700311,3.1992549384691675,65.7545543510349,166.13631974281148,0
9152375844,5.032456919530439,1322.9738560759731,286.8104001765906,0
9141743816,23.37045996794081,90.47589594136137,1190.8165122004962,0
9923415313,10.705805399163639,243.19879133470047,461.625476641501,0
9125580671,26.49434491166179,217.63899134693136,2339.563073309277,1
9914047837,27.609851483770637,940.7412610844466,760.1122947816493,1
9134141638,32.84375870850352,517.3951960146015,872.6673480283393,0
9158712806,2.4748410648635004,1023.5147811216323,1699.3755075788308,1
9123383006,2.597333513301753,450.6921009013514,137.06685798184063,0
9156385186,4.374603935896383,392.60127478073525,224.49192139796705,0
9137420080,10.501436669808339,335.78633539029084,1521.6569707255896,0
9120206166,8.965471088688098,915.3859192690963,1370.7694519928457,0
9132535142,4.663425389525921,522.3159129523226,2.3024790525129903,0
9926064581,7.487720023019424,330.2070216984541,148.9781737413555,0
9140323101,2.6395149075841022,454.43616211219637,17.92435768765445,0
9157338173,7.590741553138699,227.03703899380145,308.3616050024326,0
9127535644,1.7622180077266139,30.10952930166997,2227.4625038782638,0
9135676048,9.801097636453022,449.92951420461014,423.89638822297445,0
9137066641,3.7284575208748603,437.60977165728383,613.0790737301596,0
9135417030,4.166521798237739,209.72728879846366,737.0233265457564,0
9918146080,0.010347371763297045,1379.6330178054188,1602.7035896611799,1
9925362871,24.35068419186556,411.93860130604753,718.7102872673668,0
9154368186,1.3540007184732956,309.204010026276,3001.7206220996527,0
9921464375,7.404978906261923,148.606723663747,1398.0605613782204,0
9158353417,5.063614359208745,215.2042629618927,1748.9343567497892,0
9917117833,12.856450013410413,26.259943326648365,409.73295619497014,0
9122722355,6.347900057621143,2105.3937717856134,44.18328285968676,0
9146734181,2.7119892532702554,773.7674069785564,6984.812218330445,1
9148831557,13.256134124039159,50.62358890684545,1026.96867607724,0
9926510364,4.635957995568773,512.4892054783903,803.40459012424,0
9918888670,4.975913773399853,175.2977617248206,52.38506694259725,0
9924685818,38.170080137244476,2039.8552123667039,816.0074426069203,1
9150501557,1.9868399551849385,139.55516380381556,565.1927766705444,0
9912333733,2.8399826083456077,2728.252594085021,719.7032034535742,0
9928401477,1.5075754988993826,97.32022305290018,200.25248668275535,0
9914155742,7.558784384825597,125.81247684478785,13.324406633233863,0
9912713720,21.004951678474242,129.07064174452654,234.19347854877074,0
9927116132,1.6468690837970035,255.0663390940724,661.9860900985224,0
9136577385,7.938617147024044,143.47676631166468,778.7774937607322,0
9140743248,14.217587607217592,812.6862916032863,837.8355895096988,0
9138128042,46.84195741920664,25.85128536229503,2356.821342414846,1
9134055577,3.9541642965110895,579.0381963413222,1009.5683788864108,0
9151736577,2.8504632428407906,9.125619211386875,1567.0155655625254,0
9152517787,0.4094001159853034,537.5254357940004,1718.0839122539162,0
9150280766,7.849711113359393,19.657419429930222,980.6873796746995,0
9928150744,2.7452774319172626,930.0241859470308,1455.25937401246,0
9151118323,9.538282120410638,97.92740457888284,473.6284649042277,0
9133825436,21.690510583770074,339.97334009147795,234.59199361561534,0
9927362154,34.091530749913474,764.6030040821911,3056.2759648821684,1
9122200854,3.6081895995029623,555.9911636711453,3132.8473264906766,0
9150206268,1.9907306393274942,1936.4456916482025,1297.110346273735,0
9127443221,1.5823407436439014,24.7613787611517,495.30362770203436,0
9915620001,3.462098933657398,37.509292629204936,719.8736396377985,0
9915032655,7.186719171601221,825.6400217970637,919.1856927221299,0
9915246082,0.2907398838721812,27.486767237818782,545.0729301738374,0
9158231523,9.312782019862443,1776.8072016699898,9.850516440065066,0
9142080564,5.191016259846782,444.5006550032926,48.20535335272677,0
9124807248,10.68937948759417,58.067517095770945,684.4789526775736,0
9923705104,27.392551619501077,407.72681363448373,107.09284306035218,0
9121153327,5.756968378094882,309.3008159625861,938.1795350420045,0
9913215200,3.7318891954536304,24.69622052858716,2321.5136684199797,0
9921105538,2.921917406331981,111.83251530935917,1038.814634260211,0
9927162814,7.451867878485505,110.24956863859444,387.42211467899966,0
9155652324,11.986200496904134,379.72883033776066,2736.435775991261,0
9151622342,9.113013612692583,98.1910607665968,584.7430675306233,0
9121716888,4.791496547012805,191.8768520569134,186.25342469800896,0
9911336681,1.45464904880679,14.218655884939459,544.8101785839667,0
9912285260,1.5124742409355127,115.31744802666881,209.15517119050338,0
9142785222,13.13894970112842,1816.9448605927885,789.0113547434016,0
9123101157,10.102892776484032,1.1753257764400895,252.53450128603154,0
9157554516,32.89412939109904,339.43452300721395,12.550097072389072,0
9924563868,20.33599581915633,296.9129481945903,643.6329476351884,0
9158455845,15.562455430475815,417.2561088532702,1116.363023043363,0
9154758643,0.1558957365993022,1053.6945805226942,2068.8646065731223,1
9916127710,7.834776846463654,413.0386284105471,1999.9294377503675,0
9134626053,3.6578971381972067,1038.1683846024923,70.24042431345974,0
9143752750,18.782380922460522,940.2921232378325,1062.3131340774346,1
9151406047,0.6098241007874895,924.9272770332436,2394.920094987823,1
9135243428,1.6712695348724063,926.1871668185959,86.20496849085738,0
9912820657,2.626898023950186,578.2941648910266,4352.351244874068,0
9910410053,4.464909668834548,166.20965648668988,1528.6256533415083,0
9126481602,8.740929819638863,35.856288147396235,27.012543096845874,0
9912330250,3.06550032897166,216.657676487037,2504.680305375216,0
9151145646,8.9819076126066,105.36020898542223,290.08650437694195,0
9924182580,77.48689433734019,362.09512404254195,675.2792976473204,0
9928741613,4.116924057282595,54.48954590691452,813.9371665205518,0
9140125783,6.934451621133917,554.586689854481,56.12797923299258,0
9153574022,17.45660883389248,154.12757371013936,3915.675052784216,1
9156618821,4.272736629262014,797.2817780759541,492.4700901526625,0
9916107656,3.7322147615411696,71.40958136645044,1866.6614006509535,0
9911818270,3.152610982763907,3.4360470430684202,1865.1438060786468,0
9120346660,1.7569859436022308,167.80989466219867,109.96603037317884,0
9134787338,4.528605939670566,260.76014094755016,363.14462786097664,0
9123055527,2.9281120713425137,981.1333957018664,130.1848219767003,0
9132485778,10.80699515528477,222.13472908232853,1516.3440256351746,0
9157084122,14.076821014932078,37.47681968893012,1352.9780651975493,0
9127733626,26.172089310339107,195.31615619333223,1243.128641195781,0
9122624511,0.2693866340936677,240.29217443894572,670.5908316002608,0
9920041086,0.27012373517361377,97.42434073165359,156.8895726886169,0
9145428126,0.07139214063861653,550.0061787534097,1233.8121970567345,0
9123015167,13.170255486761677,492.37600390648964,2279.2123095225284,0
9125682836,0.04870570260611909,691.3680822263867,873.4484346635863,0
9152707756,25.974006592812685,178.63717507881623,1451.1660724859494,0
9121546853,4.835414386476188,19.123903449076245,942.5250703156336,0
9921864780,34.82183149084394,446.89146464416507,955.0371323490122,0
9128710358,3.2707961937826786,242.78791851917785,1067.2840385759582,0
9128178173,2.3426323278916574,7.451303876252018,400.87313978428614,0
9918454830,13.572108249138086,1123.6337375954256,23.760424138681863,0
9152337015,5.707777750036608,272.4310842406279,79.24484352943078,0
9126074571,4.7085434523310745,381.0784033631395,547.0818781911548,0
9125286830,8.414696893889165,1371.0844524020995,0.5261371476089829,0
9154881486,2.7854676602193793,1730.1363649217553,776.3443936268948,0
9913878117,4.180440446095422,88.49262485595835,65.53102967697372,0
9137317310,3.3051929530691697,2048.2762639300145,1262.7181653207433,0
9148223226,17.195619156708517,432.03204964211983,420.38857514894903,0
9918866261,1.5823442008032198,88.51397825351533,1687.524969953073,0
9140346513,20.939124510716756,49.68671459368694,1662.4559551789898,1
9154231468,3.1926526158295836,274.98980945855317,3884.2548472534786,0
9145303408,11.926018462108685,540.363044115296,1710.049773061247,0
9121560347,6.02515608263797,376.16357736759693,1466.8403916728946,0
9132712465,6.194096150846092,911.7531590067633,132.99940289251833,0
9136541762,18.63055276289999,109.11856386503212,2500.6115184137902,1
9121117553,7.263023392000747,23.692786694652057,3184.85601027705,0
9928637331,4.191424707492085,146.8511872423277,1479.1663899304092,0
9135870535,14.9370792634266,1222.8559688896876,84.06011796837905,0
9927378334,13.537248820713248,60.45772609925861,91.95877407374827,0
9153308347,1.6148757663182811,625.9255477877217,280.10057361011246,0
9134771221,7.999706669591568,591.5645424544585,119.78385475889623,0
9146746065,6.15252739403557,7.182857421241673,2905.6008644509466,0
9152685445,3.6593973412112457,164.3548208120463,35.36036999409724,0
9122814161,12.04708885031948,61.610467902812225,1489.2678843140054,0
9131371623,5.120873893106312,299.81853495948167,1123.8781111190253,0
9154413174,11.092972960179647,104.67848473046288,639.7159835223711,0
9131861437,1.3284203739057034,357.66364323168375,930.3065369759365,0
9147532455,2.8912902237885376,14.850291443622755,77.23122939861058,0
9910133461,6.671236483341895,51.765938192636405,2230.687779689996,0
9135286341,2.6103069194044046,1084.8110349785222,474.77971880721265,0
9913274786,21.85458481611502,182.33618488431526,134.94551889156864,0
9153828251,1.9990522709160155,150.217769945853,196.3062200827419,0
9916818304,58.06671684836076,738.4979263336683,459.3105776369196,1
9131058632,5.458437592819489,329.71596149816776,136.6711870186378,0
9143707374,0.8394329213830949,378.3973709998656,789.4823428198769,0
9148438428,9.285701862146329,691.2512449573094,222.20636507661146,0
9911451212,12.34742064395008,584.8288271822686,296.4916885026744,0
9926873612,7.278846658979123,162.20664312120553,443.6822539302224,0
9125077542,2.0982939128432387,348.74878723289635,488.53642580991686,0
9920423552,5.844156976944418,984.3634621999066,286.6322537175298,0
9137743623,22.20090152690258,414.35279414359894,194.63153503194386,0
9158082466,0.9458059578971055,59.34166258183194,69.26343592037493,0
9130313671,8.374224663824673,490.63186428722986,408.40921224644126,0
9128228622,2.2527128843451427,1050.9452039783525,238.1817066076502,0
9925673566,10.146955438427534,128.49538554731814,1224.3105662101284,0
9136504024,3.0023915380177413,89.15837781132286,1202.265016458571,0
9926118624,1.5291952472868475,355.85386028894385,241.01846932800527,0
9130548756,0.03359396475908051,478.59999167592025,678.2010615673036,0
9131554252,4.5368646041242515,596.4212584203891,110.68370003907008,0
9917768708,1.3840826643933182,194.31783405901297,1187.8484892270317,0
9917428353,0.17463269515475704,55.350071491800605,1091.992337430498,0
9137804638,9.936479693763406,639.4019195952034,8006.190816739973,0
9916746545,7.8641814117671425,39.50105686938274,866.1856838704815,0
9133784804,5.9264967189511335,2036.133605926735,2453.498358031361,1
9137657841,7.733138949898832,1437.8282306439824,386.5320110956472,0
9125424755,18.488553533834413,471.35761016951284,676.3445779799865,0
9141845653,3.9922433594086035,606.81484624087,254.14895467414124,0
9922220522,9.742123449922712,871.6048690749719,353.6491354849784,0
9921783851,4.711428402942052,496.3715548167029,1394.3495975451362,0
9911434820,15.408665746999507,232.98485589877177,1003.4870307042152,0
9912241765,0.3990632161981784,296.31704705109667,190.63080310416413,0
9137646215,6.782406045485971,161.6966818696549,31.477307140591332,0
9928757370,4.221158427818676,367.6872741780584,3426.386280591219,0
9150604231,42.91500107882718,628.8764426364605,1258.6985381777567,0
9917620184,23.472999563144107,151.04385836259337,448.3835471696197,0
9148026616,2.0836090691325326,46.67663289431914,2106.9985224584416,0
9917810285,24.196828048193023,467.0702357043054,404.53788709132135,0
9918726417,12.169236597410755,836.789380466922,2561.46028933715,1
9142222860,0.8468797888804118,827.7934220336431,677.7471059734752,0
9925030182,3.8435918214728164,545.842047224626,1042.2927957489783,0
9925132224,0.09616644149037486,6.712383127165297,1066.9767444582976,0
9925000032,1.7678593743843396,1801.4127862243972,2.1328704176558384,0
9141518418,2.270994658858459,35.6228371987767,1547.8286741453785,0
9143264760,36.276026316513054,141.76495879098448,38.32806576929118,0
9125881180,0.281694965936013,320.00139281540237,1198.3967865798322,0
9921683860,21.702599706779388,417.2615705294075,3519.334916344831,1
9120602365,2.1285295673538185,3828.657551837091,3688.44950887228,1
9123654544,23.000835329663563,565.1546873809702,1370.515459359293,0
9145335025,7.699016215408542,977.2844101837185,95.6135702375039,0
9924710257,4.3413173909049245,519.7950571776688,214.27683532834698,0
9144583643,10.953977199250396,893.979504472533,2603.534989414471,1
9923881381,1.649343550844534,1624.6659478172805,3630.198357288604,1
9913683447,7.427765979947284,64.41779770317599,725.5579653845526,0
9151826851,11.703158044670621,590.7360925103778,1502.0993789783606,0
9911514334,14.053353148631826,350.57143433261643,3310.690525538249,0
9134073804,4.835544679694307,273.5219076269495,32.761184552097184,0
9916444084,35.13665640978994,298.6616009448192,3101.6695790542117,1
9141060704,3.480942056566363,17.275308842336024,184.01851502562602,0
9120776008,0.24089434553258196,2028.2673066686104,2201.6442559146717,1
9126102822,2.102506341040298,379.15387130394345,2559.693961219902,0
9128372400,2.7490036249671257,210.4496594275636,901.9777814088369,0
9131674576,21.34190146976838,54.94070469327112,596.374638732513,0
9910413325,5.1983732301890795,235.9943836547009,540.6134885137568,0
9912742476,2.0424115153323017,580.4491489751241,1090.0410321545985,0
9915728634,10.09814943845694,104.37661801305902,1258.2415507409196,0
9912550364,12.136130040934997,424.0548089092132,428.21748757034237,0
9137054012,4.842834717698419,342.00777826125534,955.5212645169007,0
9927816746,8.438933984720766,376.31334177660545,906.1385569054036,0
9157178084,23.05395966375798,212.0499917216959,1443.8628465688175,0
9158576035,36.82309366700228,253.91547856451257,164.3588096423557,0
9141560120,13.31572987004179,214.9751841287115,1638.5089790952297,0
9146275444,7.897790403577018,748.1567672449511,1290.2099354642855,0
9914773227,12.732161960826287,873.0022368753469,993.515912623413,0
9135765251,5.078455113238897,113.29572261606843,504.32449415402215,0
9141011102,3.89482379328643,147.49504603597134,3394.5571945724237,0
9140085042,15.49226066799916,667.5856765233174,1585.5498176838578,1
9924567166,1.666803604205393,712.5634331611066,1378.2279632821667,0
9922680833,32.89502303635473,736.4975481049789,192.69084731743465,1
9921323570,3.6887336256998577,395.110521104045,1921.2419955536411,0
9924618853,16.191063133185555,212.14540610944135,3004.734661091671,1
9137086716,14.397052482806652,934.0288115699161,1441.7833903286694,0
9917216036,10.365766443820641,54.861181178219695,3083.3767866599837,0
9912368877,9.795140641037287,504.26172069046936,1006.1816688097591,0
9924477041,18.756155306513605,294.48125496687794,71.87560737148827,0
9927580721,11.449147437733034,71.24149659710292,538.3705336116382,0
9147020771,2.8292770899026065,388.66987995968543,99.01446960191724,0
9922857280,2.646616839114539,380.1777192214797,424.98952583492155,0
9918735381,1.6679054790675925,320.40393562000605,763.9065117629724,0
9141364486,7.582164201448116,15.924587069853603,300.3356541567272,0
9120713425,10.281240887606927,224.13424016742155,96.36896174635564,0
9150387021,9.951454387315106,400.5463572615229,151.0174367762778,0
9918027724,1.7576023218150123,265.3998631982197,1618.304360536708,0
9134053324,2.7156865745752077,117.47730028576798,163.82094212402416,0
9914743470,4.700669140056613,156.73805272496432,197.9155421355229,0
9121650024,16.52520692325221,186.326761343127,328.77161686576306,0
9923057712,6.873411139500339,557.0527072115942,1209.751597623774,0
9128366137,1.794749139958391,388.4686565204465,368.71982896240314,0
9125564584,9.746034164660198,1222.108981185775,184.45100883710518,0
9142135440,9.3584408790432,0.0923511219709431,2891.7912115887248,0
9912251608,10.84853862105506,1344.9679090485163,430.41497383433193,0
9928877730,4.645027164105503,398.9709783925334,90.77461342646471,0
9144110165,1.146633395025983,1417.356475579105,1555.495532420708,1
9136304072,17.20153620218979,201.32577984328518,1284.1598254930996,0
9917327501,14.741002140592219,224.73259877426156,1216.175350569459,0
9910742613,11.846670024362913,129.83118590120455,1247.228293902902,0
9928136477,9.458402027392706,13.796445149955968,235.70949959651784,0
9130655402,2.0876724743244095,1146.033882366507,1021.0016504200428,0
9124582127,19.339523459066818,593.840173552378,691.3283385424533,0
9152550186,9.162150860188401,1187.3265719485503,463.01271815013865,0
9920226048,20.2367375319509,2838.5761545058626,1629.2136551335516,1
9138657267,9.88050142304272,1520.0952598206586,431.6070536492899,0
9150870637,15.027318392752528,58.43261448732114,615.1051888268883,0
9140171416,7.84646847228129,443.6434218017551,3588.7330835396683,0
9130333478,14.70043414313583,831.0775593379791,2047.5873002762364,1
9135123516,1.7158094539661128,237.75975583291546,461.31334571369644,0
9126213567,20.53841921693827,625.6442179772132,757.7393295778908,0
9923382256,5.070716565537595,328.9107373523636,588.2526457704952,0
9918168263,8.088399296582228,165.89678572190755,124.26190982194485,0
9916206758,16.777917123580263,279.97953605591493,66.17227618928989,0
9915708470,4.977724188105274,75.38382576443101,255.49978494188102,0
9150164560,3.4944439287578017,38.88462401810637,1728.0255312310424,0
9150488846,1.194147268901454,2162.757556303955,774.3082236935302,0
9927188878,7.266196815710762,867.8366387862937,629.9505253135186,0
9156170408,2.913820004472048,1197.0984551725155,573.4542866509797,0
9134030123,0.5355247752777569,658.4595960742784,1274.261149379364,0
9140585133,0.9912821788313249,249.46191130240885,2172.0597146097693,0
9926223678,18.901204519266187,38.803499287768794,453.24767234827954,0
9155780128,6.183163649542365,278.5485232313124,1880.4487104737948,0
9920058233,5.399500977330016,113.78205334539042,230.78663246146704,0
9918883771,23.18129173348407,223.91957096968267,383.74365109809054,0
9135510024,4.883018360079104,431.4778492139536,420.61595121778333,0
9146563165,9.390312012255842,345.91186311041474,51.961836682874015,0
9150124026,6.216414236641259,9.523891425373915,511.4244859227605,0
9135740571,9.473064711944517,527.7090666285268,319.0188232398957,0
9158650107,4.369453398768185,102.1764316096647,2076.1507186376607,0
9924628618,18.06461712585292,106.92723864165731,2740.68007068641,1
9921620563,1.5064507031349885,556.2592052391856,1385.1784446735558,0
9127861280,0.25913043572867045,333.1155683616509,1049.273070784572,0
9132404507,1.8391294079502287,520.4560413226608,6.358718448214743,0
9925177750,9.183782687646318,1719.3498349240251,374.98239493971874,0
9137660185,13.691208741499391,76.58289292470802,1468.3163816907381,0
9922526551,5.474807555753952,349.8710336155848,394.6412551997935,0
9925113702,1.455670492947494,32.46612985063662,835.9917648420864,0
9148273621,0.8930912662136485,177.21294217011902,2533.874956070942,0
9146135846,1.5606436955675465,80.76883829153738,1365.1838712402177,0
9147878460,0.5658505125986997,287.5951298542525,110.77012996123595,0
9137617007,2.4084785834321583,41.345573686880044,537.0170080150635,0
9150865006,2.9707086424278453,570.6421753094852,1797.7187273364448,0
9147231734,15.345965693571554,349.1694014224068,735.3122752627665,0
9923452260,0.018711091122493057,474.90191590766,874.8415942691736,0
9148865374,24.22472661183901,361.3748732889373,2841.5351966407643,1
9143572460,0.5746189459303387,100.8813186869485,591.1258570793877,0
9155231256,10.22204990144883,350.0185859758787,2093.504383263827,0
9910244562,27.382974614310754,66.66086744513694,618.713515272317,0
9146726608,8.44696979067529,87.81095171867177,1165.8002438882725,0
9138050760,0.6246229190870914,44.29143164039353,468.82033332193805,0
9914738023,1.9250009211869046,892.8173766332802,262.81085683547616,0
9913711106,1.602563621152657,538.5636057210396,757.0899039482861,0
9155603627,3.476831749039559,407.683343891737,2199.54612097511,0
9916811382,3.0279182534283677,410.4036681620597,52.7627477372525,0
9917270848,2.145822283789548,377.5575542028483,2634.411855526798,0
9120044722,0.9765408545922782,456.6139971213874,1169.1239917589537,0
9158426828,36.58711238533222,1517.0951850837623,594.2149112532106,1
9157053035,3.0043242632451,271.4346832690389,783.0939115981187,0
9147613841,11.241241073944998,420.2201804571913,134.96739931444299,0
9148811027,2.9961559126110227,96.6805204173279,435.85663596391,0
9915875023,9.405042920845641,409.89098769267724,841.9174376815573,0
9156640873,1.551276078857685,28.131601575554754,125.68120408668007,0
9137321881,50.736655723587425,253.42502451421805,849.5308550797862,0
9135423618,6.037715858291194,235.93195105074227,429.38558217316296,0
9140267640,17.169025303496376,2287.8126171702816,461.90218025036984,1
9913828643,10.736679077121668,456.04798617694865,64.94291714393634,0
9910644136,22.461476585142414,1414.8233566111287,234.18492321649836,1
9913130104,42.36123966289614,20.381492621530267,1003.1386708323653,0
9152663065,17.3454271258091,1067.4355346007796,1487.4517519825301,1
9151354024,12.59121437535137,904.6686000433956,981.4429810461352,0
9127871505,1.9776827762544973,431.1243312461472,1931.9756824822075,0
9146330054,3.260583219347227,1832.6503706081724,83.26569835431151,0
9133482386,3.8373221120183776,319.56752982595594,3064.5982431415036,0
9135865166,14.890280286593793,663.8710591436435,3319.4792600867604,0
9912078763,6.332115342115574,435.4369618945917,1063.7412039588207,0
9152620862,0.5540327778950207,262.8827629279383,860.765810303,0
9121768663,8.320116095790718,600.4450069637094,856.4588635479447,0
9141524568,15.680275759408676,124.49811003404143,362.66598721316535,0
9151244884,0.12878765300111947,13.53892804652747,39.164894559218205,0
9915827655,0.8761763780313726,106.32043644524359,530.2796155544796,0
9145338377,5.516726229461967,248.5169544903918,0.6783542920597481,0
9924518587,26.116838568566664,93.96462525011194,225.7798816318909,0
9927107207,12.901709015564283,126.0636978244771,382.6690423732315,0
9128427544,4.768201665812063,117.75453115767655,589.0073346896305,0
9140163655,30.016855126825032,184.44085189949064,502.8203518887511,0
9923254851,22.510478745805433,569.9881261482433,2833.8466305630504,1
9152715068,1.9471545954304958,285.2156442204237,1425.1346499542822,0
9155703563,21.534149052113282,556.9070013478454,1237.287298027544,0
9915240665,4.259909032097528,1632.2516804291115,703.347373930743,0
9137330008,13.348801045918021,956.3232703876628,757.2709342789316,0
9927504103,2.754666145242917,70.80663866771539,351.0436661966276,0
9911482785,14.266057138397288,250.26699469612683,10.931732948727522,0
9918670474,7.1820392601661425,159.281096700739,347.2102300846145,0
9156313573,1.9794355661120782,1155.1083370496538,1036.2405964662807,0
9131441070,2.5062114460414135,180.66388285566526,465.80554625220805,0
9123268717,1.0524413162507542,423.4937503100586,179.36396769015778,0
9928567874,7.933313360721032,258.3890638401203,482.0871557578615,0
9124113736,1.0564974278180497,716.0162407913976,915.8111202515407,0
9920863326,12.119217081852112,464.22109294720235,345.43688285820787,0
9130656011,34.196458897925794,188.71195434404945,1415.856663236845,0
9144245777,3.075585838786597,176.36628239595478,286.35499189601006,0
9915361110,7.338931436765815,731.6640469199934,216.12842530717603,0
9158772332,10.325830146938369,176.90632765177645,396.6242659242671,0
9125362367,19.930066383031896,47.732748674735504,419.78202384933553,0
9151131168,18.728784813109495,278.9769248886594,1540.5143955565181,1
9133723143,21.717265489998425,1270.010937483895,2046.8627074607184,1
9140028401,0.7293599523351145,398.12259258307,483.5541042518139,0
9915303445,30.614018179293826,18.822404322179338,252.7810843579132,0
9915627143,14.336479611606773,315.67024726351065,2273.795767278652,0
9154453835,12.42428381499371,413.64169818766896,292.8525399855312,0
9121506661,0.343152002736136,291.58376623369014,1965.74074833095,0
9123034152,19.696042047163626,967.0982654409778,227.91512132872046,1
9133176751,3.9490290050336374,18.403417028252672,173.13737142357036,0
9138674560,5.983952680729986,737.738366609688,1170.2125125948564,0
9151651184,8.631201476256786,538.6166763358232,8.57489045790776,0
9130666772,0.7399534620948764,616.6885622367181,1421.4850888101548,0
9928336041,6.9013860471631965,258.6526263588288,475.3593409542975,0
9147602208,8.471984610365082,1921.020178677643,145.06108032967734,0
9152301115,2.9275423442925335,362.7549609814967,1265.228373132582,0
9131012417,5.5321264066792954,418.9930547414166,1879.6564835461884,0
9911173502,10.001424739842744,166.62214093298635,1319.8989210765226,0
9928307804,4.930436479282086,1098.3790016805935,83.43631397760701,0
9155053561,11.779755608710921,171.00420467117374,2569.223477023417,0
9925367666,4.96858594410471,244.36249030868223,48.87952158940034,0
9121717187,8.136393091855501,211.7991138823613,1672.9900191945678,0
9137888537,36.05053152654408,69.75465433850202,419.1829985351487,0
9151650115,5.235931790359739,410.29061117938556,126.38875541203934,0
9136850322,3.969231916677669,2935.6177571647117,622.1928490367444,0
9150840267,2.8439028323137876,1860.4526515625403,2646.9106110279968,1
9926346378,1.085527657885361,361.3457745623285,318.6826682021367,0
9133162782,2.112741766415046,459.1307272207724,1144.3230206719031,0
9146438268,14.369669177559498,793.6172168572691,869.8544458682371,0
9152757301,6.3871099495197905,44.467799074599995,1099.832271971431,0
9928842552,17.681333643923907,400.1957381921723,287.1722097494414,0
9131262671,4.367680040612661,8.479296699352867,13.519182470120782,0
9124562116,1.1423859318207559,1850.7543440254815,51.756890145652854,0
9122551382,28.901544142130078,225.1991375497326,1566.1524605532622,1
9144706224,9.676250026462197,542.9728818983008,522.8948692026768,0
9158328152,1.661970310465085,1715.940762933331,1918.4653102689012,1
9155257563,15.415932932041965,745.3265034877862,177.91658051602104,1
9143540864,12.637806261858124,631.6139086553569,337.45841039162127,0
9137380184,28.313574160118996,311.65371060045163,211.96034460554415,0
9158575016,44.100801493772295,1484.3165541284932,409.5667625801484,1
9151342638,21.897791522831408,885.5297203099652,759.195549763452,1
9915866012,7.01122791672712,276.89807754335243,362.7591440223674,0
9918001502,24.060987120767777,28.89964986200157,7.290948743247143,0
9915133275,9.397531498008396,1031.5933512966506,906.5256858125209,0
9141618505,32.41659089815407,265.40378290318523,522.7081855146439,0
9140351703,6.015366715913539,1016.9278734102694,1097.9258002103027,0
9147814170,6.00704800452676,96.52660591994251,870.2068549727943,0
9912834108,10.122117591255947,14.775499758951971,2739.2164954793075,0
9123041072,2.0644485032907594,1684.47383632395,1711.377971469346,1
9145277867,10.959527192913463,1666.3416613970307,142.07474344385082,0
9124581464,12.68915009426086,86.6514171480395,1915.371965279859,0
9924852581,11.734733420909516,269.72322370869165,1273.1710339428282,0
9147016740,1.3619641175068333,29.378806268883917,776.6838091890945,0
9913866577,0.5665140128375202,99.92459059916175,829.6510969205814,0
9125508400,9.512420208007695,58.599071484377596,687.1461092563361,0
9130048161,24.72992149514091,346.73211749629274,455.71942719953563,0
9914036547,8.814263789270255,146.69850913547762,421.185043359837,0
9155745236,5.751433152973306,452.51198212500253,2731.117565517474,0
9913541878,0.9836910046762936,549.1793917271926,1093.024243101066,0
9143533378,8.847942080766584,743.2867552202987,1547.9043389428255,1
9925512320,3.339272619181615,1742.9272192979643,684.5485352641093,0
9135623214,40.017173401251725,170.5996826994484,81.71032192991986,0
9144443383,10.143468609095663,412.8989548740362,247.47563992663822,0
9132663234,5.915666962935368,614.6716805012211,626.5592458861771,0
9915374042,3.7682199045133657,111.33313517489997,1645.8218384460788,0
9921127080,9.31031728253468,111.1765061473024,555.6615395058159,0
9148878647,3.7609904006036325,1066.6392590075359,117.8780889449065,0
9133436503,2.939021040052342,10.364464603765926,192.62700026729007,0
9923345766,11.30210316298291,633.6678121893959,1827.7265491366347,0
9911667776,11.102079845237746,3.889208339335991,4160.551577641416,0
9915605027,0.45169961090114186,1166.3631034042198,1088.3975440445904,0
9137251713,8.826553339603784,528.9166314098316,510.04467979784573,0
9927434708,14.287619830870995,69.60593136250192,296.837133490026,0
9923858521,12.069627233784168,646.9083747671766,2653.5405975593603,0
9120766017,0.8687136280373913,135.79663786872996,149.00039865779186,0
9133322675,5.877896452216454,1053.0738367079525,123.48065825487267,0
9121041342,3.2660045788560477,508.65905306288926,956.3182300303926,0
9915606402,28.837590831952934,105.79153548186477,2130.9998147211204,1
9928183285,30.029441105215557,779.1986903654752,180.0421585531146,1
9158515754,4.571627572275342,299.7114083646201,235.945467914811,0
9925515651,2.636565044546868,680.7239005882794,43.19053398407536,0
9922163877,10.312434690249434,383.9920423694542,622.4334404837338,0
9151320738,1.6759024918027254,1657.2481770704362,1213.6270523975882,0
9120876400,4.28741179876975,842.411377934092,2202.8028584837393,1
9910655522,9.77738340147287,222.59446899997,776.2865308050357,0
9133858642,3.7977856145837596,636.1770328576692,3544.3080035894636,0
9127424080,12.33337436377328,645.7275378894706,609.5790346454767,0
9920334745,0.0024678373551130484,177.81417026090406,555.5134496157634,0
9135507065,3.708007660680762,582.4642113156237,1033.874080011083,0
9924717704,9.303381980210894,127.27482683649174,357.58791679580344,0
9157276816,5.307235140199152,490.2337403210046,666.3115112064432,0
9917101577,12.900146668065373,29.311365298325597,1228.06194311535,0
9915075675,3.2364633585258558,1016.0939854853119,1796.063175033153,1
9156686808,6.35586577988506,603.8625408506981,134.4977230056315,0
9145566028,2.2308990608340946,570.8174941886372,137.90973407169508,0
9130087747,4.03987252427393,1037.8568314340916,2204.4845213487147,1
9120848431,26.823098645758122,341.4483179987511,895.5564961310142,0
9916700122,3.6168710533841404,921.7612876880384,780.413599877812,0
9153837138,40.13773533039974,1043.7252136211878,772.6789327009393,1
9921423084,5.591013329754512,220.16838613104255,25.273460386649887,0
9132532285,12.39699246145209,403.35613954997746,556.9031929601601,0
9913758534,6.231739834433702,445.1402663559408,4151.102424418521,0
9923486151,21.55356515311031,1.114494500533202,2162.5057672453877,1
9926235224,7.964709849610294,25.378070404060225,73.76072522722798,0
9157387275,5.945069329735221,1125.686167120763,601.3774265136481,0
9911058844,8.488842576857163,606.6175194351522,149.56625252872476,0
9912466418,1.9444202346608253,76.70547776104847,293.59096417663363,0
9137167564,10.730859290507688,1005.5204546230974,115.93223696925607,0
9922041435,2.4376488914052588,120.36908219209252,55.05834403672722,0
9916437732,0.7578205109098651,778.031344235625,49.358973339564656,0
9135666881,1.7495639217951373,178.82130247042736,2198.827020275436,0
9918148726,5.010758185751147,1175.676412949255,2763.8204773018947,1
9120582610,4.417670236624986,39.17304376076655,297.6436990167349,0
9912865071,3.084037418395698,284.88202986486266,4491.324093477182,0
9120732344,1.341228946284375,309.69792082493007,783.6278185269703,0
9912656078,1.4801395011390615,331.95737398392816,270.2139635497245,0
9157514388,6.025924536403266,136.40078697400884,723.7073193407081,0
9124117777,0.12352182205806451,706.5201505806343,183.81283771712893,0
9154685664,0.39023792181549044,314.7142446566335,2914.420471418694,0
9154765162,21.607086642333954,50.32801022833766,293.8881399217471,0
9922673672,2.493526841532928,671.692720368857,459.74303963686276,0
9924427082,11.927440628208066,228.1627680063175,1908.0298886000558,0
9155432656,29.45670060845851,266.1900547800035,1084.8421966534574,0
9154748167,31.837590407105537,459.4292455150297,537.5911759721359,0
9138513562,7.12778806443712,1523.587905305363,86.12256577605126,0
9130773838,50.78771846084354,111.94581060662065,276.9264956377704,0
9124668647,2.15540621143464,91.82384617584094,1136.0095434350012,0
9927662386,23.32737820095803,15.808534177677053,3014.104964163593,1
9137777783,16.59912435574761,48.14620999598895,85.37023945616686,0
9133531500,9.298901083774979,1476.0607864655988,3257.316652800168,1
9150250803,8.23804198755251,14.710859071502915,2095.389630177796,0
9133564766,15.424878335916599,2726.573233077154,330.2261242501527,1
9921507287,6.308282106210887,2860.398151515974,402.090588004708,0
9154276752,3.685751699055631,758.7093805439607,417.4020543754244,0
9918586341,44.699948554443495,937.1354321507233,658.5965396085144,1
9157505384,1.4225043553086292,288.4125236778478,135.1319918089479,0
9926428338,9.227052751621606,209.01630115126144,642.2873890117246,0
9133045483,8.892480650365744,164.29847319360286,1249.0666668667577,0
9150810578,17.740370028532915,2441.203137741388,1670.4913819954677,1
9920380621,5.356005805563923,413.67421413371727,537.0488140313804,0
9124316137,0.18631579875585402,26.91994504896305,253.46375465363096,0
9145781853,5.00400086849624,3.469962122044484,608.8265735224855,0
9131775408,9.625174902583002,371.5097740562914,1642.3453992137956,0
9124072182,10.995154941940529,375.78284500751647,129.508637928155,0
9137080058,6.021776098839238,136.76211119027198,519.3625541227444,0
9153251505,3.298430105776118,115.01728538202926,3466.3078648887604,0
9148644236,0.24598830249224513,396.77415912859,856.2608685515501,0
9927824851,18.065377403407588,94.31701722843427,1252.7423758374014,0
9926053058,3.3488159909701762,707.5874721381522,164.62216800482312,0
9926171765,0.8813384984514323,89.5837444230543,588.8614150883963,0
9134375830,1.7514179717540277,302.3735060183086,1143.1865466229683,0
9135124128,28.977369882104544,56.31530878032549,625.0873220452851,0
9157484130,4.285495853250882,839.8204449151549,76.3061910102622,0
9922680101,1.0674777503404973,359.87357869966655,2891.9620177444112,0
9914328727,13.77535131408473,322.8190677941392,1079.1560026212821,0
9923874283,2.0490207956405677,496.6186955577095,893.5734814317623,0
9137365215,3.621006430799594,350.26870762988904,97.67643002221818,0
9137667654,4.77582129254286,152.7710762121405,823.2178684635088,0
9914136008,1.8187141546676493,92.29370387173455,1430.4706290431018,0
9120863812,12.09465446828882,664.0971796391739,1.3690195586409304,0
9133812843,2.34967388451068,396.1127386824211,1032.3393788208416,0
9147408263,11.725931666736614,127.97504797600592,240.52451491568334,0
9917168214,6.116745934931226,10.887932885811985,711.8110620947217,0
9922373003,9.71562766777408,393.7068953098161,1003.5760572717811,0
9927540720,14.748676124240204,75.84178491756839,745.8196237758102,0
9916045204,1.2549732363420274,505.1541005552186,670.0275819999722,0
9147136822,3.7129852294944503,594.9880416708828,680.5483324452993,0
9136280521,2.753371017876099,69.13983523394603,294.240445374568,0
9143103134,13.235866955639056,122.74023855813397,23.263400972434788,0
9145316414,3.790650635445285,24.557690707703795,452.19565508919993,0
9922141475,17.125750764927588,202.11264098607293,180.09641442436472,0
9144733648,12.088141712388268,318.0202541666788,347.6415494477645,0
9127385008,0.20471751424670465,181.7116241997037,1157.6430461132225,0
9158261252,30.698127449958427,945.7108408089783,1313.420887036848,1
9127266477,1.8553664158352288,395.86325059550535,1705.7910515287874,0
9123167525,16.152069152049627,525.1240846232042,1648.3559734673267,1
9126168441,0.7123953599008287,620.8566050438653,1390.5044514330702,0
9136360771,2.5174239193557026,52.848007015345246,2618.3046439969094,0
9144400534,29.63649842722799,197.58437598215028,84.3821559094443,0
9128435553,15.875230027349321,208.16966664668223,228.52082728853438,0
9911227108,58.892453997900056,237.63037575439046,86.20491105046457,0
9150383332,33.2917476649444,20.867446057297887,2352.3120028292547,1
9912840174,11.810409289726003,24.729368826997337,460.2590477262917,0
9916543438,18.616402030346705,549.583540291746,105.98890232063088,0
9917126221,1.5166024404356433,548.4493702682449,257.8178551869966,0
9123137554,13.576852756622733,82.85132265186259,101.25749340186643,0
9151466650,21.48033591691131,1157.386917297643,796.8015049618283,1
9148237243,4.530400937630304,1620.262980031533,945.7149338436609,0
9127463707,13.10795448620956,94.5735528906511,1121.7333132710553,0
9156838080,6.973420401555913,198.06906866858213,3619.435443252195,0
9146522120,14.625143018384403,548.7922415309333,879.198501958299,0
9921615468,10.885156574051408,981.2298440657909,1959.2869018793012,1
9152023783,4.475800067951777,758.4202190602662,400.06584055233236,0
9917281737,5.051240187999864,555.3750598325656,69.64695829167324,0
9922543110,11.47078900587065,427.09523013913906,869.2100066260343,0
9148674584,63.39246449469986,93.6390362920113,891.5984276100983,0
9144810345,5.496028868654713,374.0288849934454,386.2479455053233,0
9130444307,48.07783071108033,667.4411566018046,729.8409463752606,0
9152581047,11.387772156740425,164.19598982383988,175.22342378422164,0
9126278414,18.945162487009995,81.74439262883182,173.1310888606811,0
9135661814,0.16302555674144095,281.31349092213776,1825.4478207030968,0
9914752880,1.367249053186723,282.05745907823535,1520.1245084521588,0
9154378006,17.163606405646302,410.04041209206247,1745.249107376821,1
9916687317,11.998472470471205,333.9563790506896,473.53748977819447,0
9144267541,14.782413787529212,600.9745761822844,2597.8385243084904,0
9914810444,0.31264400362060246,250.56734917192148,776.8134164262989,0
9134831650,5.818525311268232,210.78049591843404,2032.1153012191164,0
9123747587,15.011074601300876,512.6291417872004,892.2181369256207,0
9151142367,6.447838127672693,556.215687900049,612.4303258863008,0
9926556846,15.068451457276371,629.0139917950135,233.25221690540147,0
9158605335,22.58536039335908,6.193349212510415,1767.5385201714457,1
9148372767,2.0197297493653164,1523.3959909122073,617.3206912803267,0
9132156518,12.548094314542285,894.4803815131147,2799.3859173850287,1
9148613850,8.18258558857146,457.9693254132467,129.88676353236212,0
9927257088,8.65963977521449,144.955739179919,955.4170756722656,0
9916630103,15.018934422296311,191.44057543656714,3080.06133824372,1
9138832177,5.891932380938947,312.31962810976836,2217.9822201300085,0
9926538375,3.81588102056471,194.54842159268935,533.9288459861923,0
9927528105,3.1475861066347206,987.6704758585789,1883.1899714942276,1
9914183617,8.030785690246208,762.7634167255704,1359.0655989890713,0
9922606518,16.046210946134597,2770.6355042601567,3621.9200970631487,1
9136711735,41.3699274692441,283.9150729578535,1014.7749640350661,0
9120630005,21.00154450109831,411.2630016803606,421.54955173380506,0
9924301102,4.696840670269832,912.2244436243672,563.7492225148442,0
9133277366,0.19618687560208434,219.27069818931557,1589.669187643163,0
9143351677,4.207491731209867,219.52136218127322,45.13018599301708,0
9916286455,4.2278421116786085,890.1174761386046,235.39826650748512,0
9150133860,2.596125056515647,326.3948219097539,42.16602360334604,0
9141653146,1.8791771114011866,363.67391754881277,1237.4329049636203,0
9912785730,5.942968417280281,644.1206331825622,4248.47376062768,0
9145124480,1.448499650291859,453.591480568664,2693.737660266047,0
9158425332,8.44811229468592,185.13127704332035,1113.6297325270143,0
9921556820,1.4272106789106904,119.46719793280867,616.0205377313309,0
9140782774,1.3745274004010277,0.9550449257312582,905.1693213875939,0
9123723123,8.407227727272343,2005.6526857097635,997.3420211375762,0
9133387828,3.5417641820546546,1219.516971563933,1799.636211158826,1
9137832651,23.818046112205643,144.6137199826693,143.22246467012135,0
9923036077,23.371537653274657,193.74038156675795,1236.0414316586682,0
9131883410,20.06831680608132,1154.3657948983307,578.5179990380169,1
9144120832,14.80863937261467,581.3727149881128,156.2457091989352,0
9914555110,1.5463849600760255,1151.8183091686444,1395.8122560006857,0
9141123274,19.000244828130892,335.8984220775518,2002.6549608684659,1
9158061551,0.15448711683979177,313.60800000506833,896.1568700465779,0
9132443386,0.23777553750821523,353.89767841136637,1391.9906623653198,0
9911628316,8.464474171587206,761.2765306079872,503.004009519187,0
9138307420,4.431008195097933,211.30424645057647,1501.2815863415012,0
9156152862,7.368081067016458,271.31558831106395,457.6271070048849,0
9150653381,25.37245733795602,83.21930340681185,2044.819629800446,1
9154518088,0.06925546392976421,222.1544811935737,2303.167933112299,0
9151647754,3.8434723039529533,193.0277592104085,760.8683385795129,0
9135863647,0.38528612100928117,950.2823131717315,1002.2489305900413,0
9131111603,8.269754329040431,39.27140984219156,319.3721984006065,0
9124576065,7.694475109496757,2239.1114182683177,1171.4872861893232,0
9917200522,8.405566870010585,548.1953373008436,778.6310694477772,0
9928445681,19.856905103699592,157.98777297481286,187.0855384908817,0
9127766473,7.40955818399709,960.9999799583283,175.0289676728387,0
9925027514,13.204258080414276,863.8977884868759,5.96991328882308,0
9145812406,4.25078955023916,10.917250631221657,287.2112621120047,0
9137360377,1.3805364900033283,66.31317486654139,504.39325162340697,0
9142444316,0.36829720503710306,261.7701318291905,104.91986621347523,0
9135087641,1.903308465394615,411.1147022496367,732.8292160883464,0
9154611174,36.16807583680859,79.77178812723542,829.5300843906278,0
9916278837,12.508224746786052,6.118660007935888,700.6448842520399,0
9911163687,8.735458798230525,1340.4937535886356,962.3952325934868,0
9135240328,6.907394449436377,348.44135556993405,1631.0781210537282,0
9124056230,1.9069325122128862,1161.5188649847512,913.4944426069121,0
9141716013,13.778727911957267,725.062934539317,178.84839220535596,0
9928357056,21.009556679839786,17.835557213291725,359.13750589110276,0
9135424421,3.877522346075017,141.1619498519105,780.9813347465331,0
9158032334,7.806717700389413,750.1356915092416,1263.4509559183093,0
9142063842,2.61760801326637,322.1484689940473,576.527336836822,0
9918156883,5.376895163149683,12.14632453460254,260.5377447340756,0
9125727886,44.40322847252999,2192.588582595064,713.2471594502598,1
9921154281,8.350309912125732,223.36683807069232,1004.0325105515446,0
9927875566,15.560874657911334,205.52488522425554,119.10441869309635,0
9918313786,4.794291140283824,643.7817697346924,1535.5767947908514,0
9157303143,4.956502710017034,414.02145715985296,340.41690786002755,0
9922370028,2.201721326445046,353.505102251231,824.3815532245876,0
9125345300,60.07602998080494,234.4115862022627,2048.6955600656065,1
9141432251,4.86641321160537,483.50199487457564,144.4203919050396,0
9130888277,8.191525241210758,588.3891016712533,222.02370137246785,0
9125245002,19.91544603029287,605.5195679035181,208.79187350621586,0
9156880247,12.151492716881783,89.59803496964831,795.7567107773701,0
9924873548,5.09059002283946,284.0411250554033,22.114431313073453,0
9141607727,21.14038624691352,273.95788174077455,1442.8752109834122,0
9142401371,7.3130509584933,949.3479697197627,198.72551782454053,0
9148422013,19.35672364391683,521.6467497739259,1303.5425717156586,0
9127747406,10.441763891886605,424.1505909480012,230.0895247998138,0
9925142558,4.4148898802879595,16.12931960708289,212.7073244189798,0
9146201675,5.818433416768486,277.77134148679977,1716.8375093931124,0
9928617283,1.6454411886237827,114.20594822943208,2270.4761336054526,0
9157847580,20.330622173089633,1230.2781312800553,1212.0729313582872,1
9924114213,8.428439011515888,1201.5083922317317,738.0799959843661,0
9927323467,15.7418582602297,2388.9432559750976,2879.680770332366,1
9913714684,22.39690480845436,185.8344759553053,1080.549496044426,0
9928642228,7.172157660983763,821.470293333706,1502.9406880739039,1
9155520758,2.3236566145363953,126.60195330580764,417.4747863614099,0
9911338450,43.85934719372999,32.74414733284551,269.86745555206835,0
9142127322,8.19706985066272,19.44808481556761,677.2892064338756,0
9147184368,7.82000653197882,306.16096713702404,569.1932099871899,0
9137328433,2.1081852376921137,327.0685859390245,1500.4397384236465,0
9141248324,11.97415102348203,579.3954899917744,742.936300454241,0
9910257861,0.24666106046213168,1179.8888956071562,256.67680863630846,0
9145265037,1.908990510106249,184.06789913554402,372.3096728791153,0
9140643408,5.097182785969835,405.1515131852634,1103.9235681037605,0
9911668277,1.1585063470839754,82.98769226059973,177.88887782983028,0
9121167623,3.338853295351416,21.21776801886211,64.7533187052048,0
9128858155,4.76669830636275,1460.7248689839214,88.52143022751041,0
9136854356,4.133803692994795,74.02393452252329,2467.3314137652674,0
9148461762,6.732543567470368,921.1293884967257,837.1479659813496,0
9155058705,6.385924852462034,728.4154559735944,3202.8658591955455,1
9136343772,0.5748827027926001,156.93319499168345,450.7646360165529,0
9156248146,3.8398837849722827,282.4878604654313,293.869535601059,0
9142346777,2.4765925476688264,373.25238971423045,483.68907015116474,0
9148373808,24.47943775780419,596.2892402390509,615.0129584590564,0
9144511356,7.250527588156251,8.328786302728457,906.8394725210687,0
9916651110,0.3736957296746391,66.2570102007202,3258.9640297445912,0
9153036383,10.921683826721491,60.881698305991065,2047.966387676467,0
9915450715,2.200527341040652,243.56840529902502,417.38103908800474,0
9141354614,6.241005821577888,452.75192208314553,976.6007372607189,0
9147865403,7.27896872948313,180.52527125482894,1076.7157432162785,0
9917724311,8.102047331564426,159.64725508743274,1043.9061503397763,0
9926138318,2.4198794767593563,8.074392759295115,85.82362429603901,0
9133350254,15.769778756682612,27.31809816231768,106.87867882879044,0
9150040316,1.6238552278419576,442.8938480215879,884.7030327983696,0
9120442714,2.265904639290349,69.86072382992512,764.7127300698139,0
9122766134,4.121088678783292,1454.8729606756633,1879.7838649999574,1
9141348186,43.68966818496935,195.41544103224967,942.6634974545578,0
9924882428,7.625177327329502,836.764702641382,392.516373970204,0
9144464160,5.827989493118341,24.0092143943947,709.9333465081651,0
9137208638,34.91343254167543,985.0271186347302,663.78428252082,1
9135681138,0.744716147427923,804.9621756007814,126.81398671243923,0
9921456870,1.4795133205093163,602.9971737675078,796.375191812317,0
9924162362,6.995361458489909,1862.2294988379997,631.9864443028252,0
9124102024,14.445963959347498,317.9232622684596,586.2024909711522,0
9918274012,19.114252912627087,690.7265287894546,987.4122108674054,0
9924646352,2.614219771255812,25.621895173321462,42.828554918621556,0
9151706253,2.975910853203703,387.01990468918615,800.0653231268967,0
9123123643,2.738810712716026,25.99783165573725,966.9495981390779,0
9137832741,9.772803879922936,468.3741260509739,2775.580646424184,0
9121430544,23.70111689144215,1086.8098533734253,716.0779231130009,1
9123282852,0.5401005901614115,988.7070885280599,374.07246448276317,0
9926261200,35.97492180596914,352.0058500269157,2114.1685158730998,1
9928871536,19.36857823892765,30.580380330180308,998.4035203193278,0
9913185141,0.8912879717568116,322.5114699650035,414.43950149657184,0
9926440133,20.10606993227958,200.4726727449842,1789.0510923992206,1
9141221734,4.161474112971294,833.5197756072189,1714.3964994627763,1
9924352450,14.910186100648623,53.92029324471941,93.32645996876143,0
9153636424,5.88297866540393,172.92207558422353,756.8947405286153,0
9144526438,11.413688722180488,583.1256116541808,51.7856281856115,0
9920677203,1.2443248408852958,222.3378694337325,1615.7970157791765,0
9147817674,4.64929257049224,924.3182251594104,827.3106451840973,0
9121785026,6.061298774081828,1004.8009133777717,1233.9785110841856,0
9152442501,43.88258928146822,37.51306945380867,535.2568700836658,0
9131866864,9.396107228760652,426.86013764577507,423.51205838426756,0
9153655121,3.4880757691025854,578.9772432870454,380.2203666340592,0
9924813565,1.5470854252743012,224.30503680250112,370.5208603777879,0
9151508435,0.7320925893963335,35.96188338100089,799.0047650519606,0
9133842502,1.1712941681696762,177.65801081108694,691.4390611531562,0
9136257188,1.7898770233967733,415.0147100490761,919.1901254757354,0
9924643622,4.327136014182258,1790.1960243060414,2411.5831280237026,1
9924023371,7.888108090491553,1029.249142555202,2312.1253071565047,1
9925564460,5.431248325464725,65.65853732454715,325.26498790998465,0
9910140401,41.0942415968554,53.820467431732396,1730.534663076048,1
9141132151,0.6619856029213943,274.5907865980603,56.529881602209095,0
9136663444,6.4311441200946415,482.0483771516727,214.25889261637047,0
9150713537,3.867543593380229,842.4251255510612,55.29294892703504,0
9140135542,17.77511745185922,395.396376931402,3051.851278596307,1
9121573251,3.151803427787734,6.0125799803589075,765.3792342460222,0
9914136317,13.490856761502389,130.24083551829483,473.1773570050162,0
9147875761,22.6390134527793,73.80266819227832,374.98107458412744,0
9137382738,1.4278824310257368,485.5327157644932,1908.637877816422,0
9134414703,1.732150500033405,54.66519279006326,4832.901650409942,0
9138030787,8.045344405754557,78.45451558898012,488.55228112950897,0
9145550681,0.5130649387200927,1025.4740854977952,1216.1860540940486,0
9922487205,7.283854021696623,63.61011706964214,2612.0445333792322,0
9120557028,0.3484302706427255,219.79221811169273,3008.8368167310855,0
9144026008,6.888246513272341,522.3693265054969,1046.9018268222262,0
9926815758,3.4571259453662084,44.52111689219608,654.1284293830474,0
9140287226,0.5275318764575786,846.4331335201156,1645.2695760956747,1
9131010382,2.6131873795316283,372.4860061261821,846.2779380148767,0
9916280388,16.328841589662492,328.8972947053395,1181.0635697334112,0
9132170055,5.837469581590458,810.9604169730852,77.73367201400686,0
9922725648,3.828534599247408,30.279019624925006,3215.0889487202408,0
9155834236,6.292146204961961,356.78294474454333,1542.344271401116,0
9928174142,26.411820720596445,311.7944321083112,417.7901427846517,0
9143778447,6.264231072777832,122.04614740053772,236.392624619941,0
9923487217,15.850482915625047,148.91243013905617,601.3881082887351,0
9137264352,12.81178422947785,21.32424464569517,504.01646460424996,0
9126763381,1.6149120539285904,468.8292188860231,656.0242856568857,0
9125271087,45.751652502690696,114.21286913182479,2220.8234844032086,1
9920666502,5.260461496458882,725.4227858528285,984.3404492762703,0
9136334052,8.093577938192015,353.45075597261933,611.5978403521984,0
9913371526,10.511928080221239,17.228440838945414,3091.531216796912,0
9145340204,5.090805362593497,167.95666843124303,150.13045971693683,0
9125535032,18.603514363693215,966.4943234551896,576.5701841032793,1
9140847221,10.004281383889992,915.4142659760713,283.97859121898006,0
9158842446,6.225965437199877,67.48774026213391,48.326833678334715,0
9152443082,36.2548220716706,1133.628390387668,1085.8591409057997,1
9137360048,1.6649756068610455,1058.7041791656359,478.792245018581,0
9911311772,25.398833912544447,2295.0025969534427,1636.1065166323338,1
9140157583,1.4839194405519462,1209.1593598739764,618.979222491141,0
9131048304,12.645998037944226,54.453641840743884,220.66558915547316,0
9122365732,51.2769412512693,195.0559907562614,3417.827171304648,1
9924300275,0.2829276109067889,82.98109963631072,5541.217723566638,0
9131654460,7.8448186657332455,51.184007972514244,509.91133442517366,0
9128488255,2.6584219758008008,632.0504854965297,656.4072939215423,0
9912528721,25.0624707809388,155.66509737659572,286.2867615021219,0
9153464530,2.4126218292828443,1392.3892044452414,315.15800409744713,0
9143062483,7.257479349686974,979.0991622146498,204.57426319639285,0
9147078248,2.074184084321155,858.807905190626,215.04588839673065,0
9927558004,6.554736648467461,113.14551369369379,1070.883668579041,0
9928068173,5.182401341471875,320.93784490566105,4558.136354235715,0
9152104036,16.602969197715428,364.20838143343036,44.04401520173895,0
9928531860,23.708031232715996,83.67637934825945,2643.075248510484,1
9152646156,9.893737406540863,1019.7334062064677,502.3785068767329,0
9913343716,33.06024276813535,1946.826298523488,2568.9470534679017,1
9143634858,8.337055483551207,35.11386672399379,725.2823916984952,0
9132001235,10.424475853260876,111.54579975707203,330.08034353696587,0
9922345474,7.070105436395455,958.1342132968788,2185.075459076699,1
9125574586,56.8573070651403,487.4034091758865,1602.3169415331554,1
9142758024,2.642614739228421,920.5749694079666,2772.614609587087,1
9142634881,15.623109258601291,247.77905233885892,1230.4648187535988,0
9917758347,7.085802348417316,63.773696981065555,898.2607952528609,0
9128257477,13.607979229815161,837.1204069828043,997.1868902497945,0
9123316134,6.3114529449131584,592.1822302784528,388.82084038976336,0
9150146164,9.27391237179054,811.1941774951645,1278.1711101661374,0
9154204724,3.3163382855698758,570.5804450814803,105.38217119759241,0
9126742326,1.8019285779535283,489.4005145068706,374.37470086965016,0
9125674177,2.233072440397497,228.23297860569843,3.8800866369286635,0
9136333042,5.007274105995071,977.235742582321,10.495649438022971,0
9147148250,7.224571846261297,163.24717204199956,419.396412947331,0
9128388823,0.11446956437745201,204.9873686900262,922.6656921292495,0
9913067005,1.5025924924802276,376.1316945859598,3250.450423489284,0
9910032167,8.61349703575441,253.9017166491823,1285.4914540297718,0
9926156211,2.1135758381175043,811.8752809161058,1487.6893629830165,0
9123087876,0.2843626201706623,132.62172917175337,1056.9811749908206,0
9917266367,18.800318218541364,749.7106908457096,551.5595010441625,1
9141682017,31.149832680329194,17.129694723596078,743.4165133144484,0
9913754438,0.8905401951891616,50.9530754355863,906.8667946368754,0
9138561482,2.7624993049636086,496.21133706802345,1.2119292455966835,0
9138415260,0.9251878919448676,684.0938124277488,652.4589345143731,0
9156367873,1.0322997846651683,1371.9552021329023,821.1282113267692,0
9920345046,15.208474400442295,585.7626939345469,94.54277205108096,0
9158817857,33.3087809821765,207.24728134849053,683.3254312703596,0
9143626652,8.4991706135467,815.1623694377056,133.93654315192862,0
9924633141,15.17767848400948,1081.24347043675,262.9114040235767,1
9142366653,17.20539899355223,909.2598659730518,451.2428874914059,1
9920285655,4.19908494159911,602.144815440292,3331.622404451294,0
9127440303,3.8664059599825618,134.22046913642438,828.9536979346012,0
9918052584,25.266467620421167,101.45823237097385,430.6685483510445,0
9137707781,1.7446611190780716,52.8025574587329,1504.511923065254,0
9123381718,5.308505138548885,1148.5816038841692,5127.539463677411,1
9142146508,1.74008997655346,773.0807018138106,68.273908033818,0
9151846805,11.340832413088926,685.9764113101702,380.3547988542581,0
9914207365,1.3678944741194128,293.7862266918466,701.8845964371753,0
9134852337,5.229366116511759,101.15604632645285,555.5190233111327,0
9140261000,2.9330039070596343,80.35590029075686,586.5762044215772,0
9154354877,7.162364386799663,210.59958989233635,58.98644963049444,0
9136044483,4.64642504060444,272.2379168744678,144.19137037091235,0
9924232564,41.046977824528824,373.9028315767195,211.79210027936705,0
9152205865,3.7652698082461815,111.06259133815458,582.335671890767,0
9915478501,22.183346932808465,80.57547088671872,1838.5265530387157,1
9146545762,2.375361058954562,359.7306140188215,46.182415917649834,0
9144838067,6.568488493137982,1008.0850470613809,1402.339545790008,0
9126040204,13.933313972754425,61.256530349899506,2200.7437369109834,0
9926736821,11.891506493631443,1063.9142324251827,155.10324576299715,0
9912134573,2.1782616604690603,202.3200530945378,1460.8148133894385,0
9122515813,8.690339232469293,49.91034243701188,395.40222549112065,0
9921381527,7.602049378254293,415.9655943005788,159.81917658130317,0
9920118573,4.2794119168743885,167.71736918252066,740.1641209459407,0
9914144311,0.4903838405526545,552.274124551879,127.71377833044323,0
9910041104,0.15627056967682224,1038.0236143814627,263.7465748224931,0
9152676256,47.78331411538573,188.10517654559283,140.39470118489177,0
9132357123,4.253703967456618,254.9508387358802,2864.467646854139,0
9123571760,7.62938613201714,5.953899175263356,1445.6509801653424,0
9140882158,2.0339486893902428,38.09157025742766,186.6292224085661,0
9141305865,27.998449020808785,41.19171362793788,1825.400084360696,1
9921801265,30.78353216296273,39.73163427948157,1015.4908257447048,0
9121752887,7.987457653843114,987.0808641293294,1829.325794118477,1
9925014012,27.780605175530575,432.07128904476014,1171.5677056894704,0
9155215330,7.4879938344219426,351.4398875310581,1515.1288440966196,0
9923882843,9.053445675132997,1140.4938423067754,17.33096594411083,0
9138842306,12.480682698132393,355.92399969406574,164.45643968959862,0
9132875513,3.436666819852544,575.993181951077,1173.84678922659,0
9152036762,3.2025334047683414,223.14555996412886,180.57694824300506,0
9127864225,4.224553824382371,529.8511025159089,882.3876241834616,0
9153336125,2.2636466321543707,666.2804366896305,1449.657250077451,0
9923314421,1.506243572642845,10.364555866938508,2880.7242456822382,0
9126634820,1.3511939598339717,577.3460639682477,1723.88680414358,0
9925671523,4.623438214881711,119.20937614664939,326.0295780145176,0
9915441385,19.63304580662886,39.849468466289444,1364.9452084193042,0
9921277743,10.859950285124963,55.90173543421257,948.6606891553749,0
9125075820,0.177835697437871,331.8616112603029,859.9037497866789,0
9920357221,12.035840823386575,1223.8442607648906,438.9003825265738,0
9157602615,10.682777215820513,464.2517781730916,2306.630612058976,0
9151556430,0.18845779989136985,290.56271759382184,237.47277971317908,0
9137650661,2.5047349207049434,399.24484682130867,245.8655181136285,0
9917567000,9.191274274822876,312.92034130388765,1007.1038260664884,0
9121343325,9.710228306961891,67.79918088493054,3272.831417128349,0
9126286737,2.086325905536142,216.4785008070733,436.42509629954856,0
9915446474,36.948782217268054,71.12368625893309,376.16022311206297,0
9134662116,17.58636464543638,446.9644736045653,437.90686493510907,0
9914127182,21.994706437556015,31.96922303626108,1376.007974141023,0
9911304612,26.04604036961174,1155.9009017726453,475.9515386833758,1
9144733734,17.403492026439892,87.44490525628221,479.18788063914457,0
9926774052,8.457277388521339,1854.8735156238604,565.0990018293521,0
9144264676,2.8620188508717677,328.35799517211746,179.02411150428728,0
9158865203,8.13544472897561,1397.9692025211189,1013.8638018784923,0
9911362713,6.4682349692658905,443.73612258399834,57.85460283160096,0
9138057481,7.380746103417458,781.51976347909,217.22440327780012,0
9122817333,35.14981392435398,32.066506958038204,136.78524866425266,0
9120071421,15.351499010168258,436.468242548124,147.7926108012587,0
9155248027,14.101994326507036,443.9211852824211,97.61322089129189,0
9138251481,7.754958711695935,301.38017001797243,1271.9933614587958,0
9153747652,2.438282012230732,455.0973079061669,559.4519123005196,0
9152582608,13.383492616499746,88.7121864722784,703.6170607107233,0
9134715477,7.489257885612898,478.1474511340403,755.0648987649116,0
9131020116,11.22458641240408,115.70361209155146,4085.364856648595,0
9136546126,9.551192037750607,1248.9927415229936,294.9478211043037,0
9921017038,4.5997584147000765,82.25495272570882,3927.9834506770185,0
9153125456,7.788221553811006,833.3069824666735,1039.423363522904,0
9914381724,13.17952484639628,288.77659063191066,133.68765940095082,0
9912686381,4.912960438838386,155.37027706522505,1354.3595924074698,0
9923712378,8.074066652348254,468.6970647154707,252.15085123801867,0
9141083665,17.06484318912566,141.96900529834326,2507.7563796483605,1
9918553000,9.543670455918523,215.09209658514928,83.25284624784511,0
9128610021,10.705066559878606,462.1637419352185,1255.3455088191483,0
9145587723,27.397969929086457,507.7410250185109,194.19325120355717,0
9120501751,3.823936237778706,289.5057564730382,1851.079298447681,0
9136655580,10.228741539351097,486.18084156641777,262.1402408856089,0
9152475417,2.45360734314762,329.80165674670496,329.6674815690565,0
9151213400,2.029924368200336,61.59778599549815,2200.0686062588957,0
9913454024,3.368712872481465,412.69562364207127,2117.3617171950254,0
9147580328,16.89056501161935,947.9184748241524,725.3037640623954,1
9912473764,0.2985980757343994,54.568888841695355,50.62482373422467,0
9922270075,9.758863290106131,179.4392848357332,698.8485377059321,0
9917763320,5.554524516764944,1062.2118098789476,934.5418427754574,0
9127704823,8.149326793951197,355.04377594394083,1377.7432927262366,0
9156071734,7.722885398052798,769.4216564069677,240.3783118113182,0
9921035658,42.285149186324816,152.7423557691772,202.7126866635621,0
9928536610,5.177720558840287,113.96060916320467,75.90726911142204,0
9926108851,1.2321447871587237,6.647187180487262,2136.1249108168063,0
9911207670,5.012878514335658,1184.4042993819116,842.6735144175003,0
9152607302,4.027424871829357,1012.6406338390672,1029.0867021559418,0
9130457827,14.585312733169967,1853.1424964133064,799.344986614015,0
9147801845,4.521416588101993,243.07173832778665,34.44349874469116,0
9151016517,13.431013751607257,123.33559819067001,504.98053573444037,0
9917026142,4.167248972472028,25.172612167544926,899.5819616379044,0
9911516074,1.919564475952162,13.363650865803528,4871.468239111186,0
9143770408,4.187286341052238,11.007785908236276,1237.2434780705748,0
9153108147,4.064304215544997,92.85177171830222,857.7065962736833,0
9130378681,4.752709686710242,2135.1228877655253,3233.378724111689,1
9137427003,16.94163284054128,1144.7644242402503,97.1702657886782,1
9126603433,13.327475489155468,317.1624152100611,945.0473905002162,0
9923176631,0.5111678009501927,761.7399975201978,966.9647792094513,0
9910031673,5.743978796671906,312.4560556181341,41.219769623426785,0
9136106145,5.493618467129502,336.0734126970321,1576.8964594372783,0
9137446872,8.9045868119017,119.3226405201869,2850.5445287649636,0
9915311813,7.542256021879608,422.9624359321341,875.3272456047355,0
9923208830,12.746452553772691,162.8982296381388,526.2854257707777,0
9153321017,13.594805445268188,17.257042452939622,37.29166243838113,0
9914575116,9.709263264448111,2305.357668514206,1515.5016545543856,1
9122188463,11.28028975061458,11.511463632152049,42.20376817612515,0
9920362133,33.14516254778051,415.2156132330359,133.88423747050706,0
9138521713,7.109649137413651,63.472489073350665,168.37591404871426,0
9145028732,1.0852300105939159,489.39527196922387,7940.557439239286,0
9927387304,8.234078336614122,393.64198262361504,2564.3493373101296,0
9924880711,24.0810811319367,9.353058935767764,1450.9621432413555,0
9927886377,7.860588404358789,813.8846933388922,198.20647806497243,0
9144636602,9.873384979892016,511.99104380112635,223.8321414155969,0
9137161582,0.4073366621523562,318.19836966289057,38.438769748152346,0
9923561715,15.623956826053227,244.61276932950693,1701.4635603026816,1
9147285372,3.428964338492808,157.92142893486812,1894.3945016970904,0
9121487506,23.28431247060752,3.5574281348511025,454.73651196550384,0
9921226085,10.436166217514643,516.7247128118519,1322.0012341087436,0
9142560358,17.216539202422386,478.74346434819864,224.9099297145137,0
9915557033,9.199299332636526,543.9124545939616,723.1191976918337,0
9138004338,10.074234212919501,567.8165474318023,866.5370810089145,0
9120014023,1.0897549443765138,810.0555684206721,207.22417758405706,0
9156712471,17.360487058177828,665.2594650944062,82.5758497970797,0
9121134214,3.939175407627566,179.3772309792339,2766.5062635679647,0
9133466340,8.361009887684647,63.17804370187269,638.32649284833,0
9148100144,17.30686687430858,809.8910029198586,2061.9117111409014,1
9926465456,1.4793669293987712,438.832706704572,1139.2687550550168,0
9137771873,14.304500817784158,266.57687115807795,2294.734167049426,0
9921871343,21.97640546864882,337.20666932091615,1132.0491668251348,0
9134847727,10.594389732176854,138.90922086253318,23.815345301112554,0
9151436566,5.609500322939478,106.68967712118217,275.2297110044578,0
9156671173,8.64325468072322,36.68585847032793,1578.4903344321542,0
9920025052,0.5311887075152134,861.6212058418118,550.9525998111924,0
9128718322,7.173535481506452,39.38064584808561,1910.5905377713045,0
9915283281,9.2420332541524,672.9713280825587,2112.6879402361574,0
9125260043,2.735321511345469,441.7709869847246,692.6624155184899,0
9150085245,28.30687926610969,131.62839868659472,711.800888526103,0
9928814654,2.5458924383470602,329.792788579334,144.67548642109628,0
9153885413,9.347479914159061,1590.8106055831736,494.0770365466209,0
9922005684,9.042620810309344,122.71755807328317,279.11937305765537,0
9926443880,0.3695777547464136,21.799203795069495,189.92993107600878,0
9146656810,6.330821975327124,0.8239693523203099,1898.4032082140513,0
9913674303,0.2852412972189729,120.1655652478433,853.3199115855779,0
9917177040,2.4858479564685596,260.536901602841,1149.6961326686896,0
9145223214,10.692723437403693,3159.335138846191,83.65248535252927,0
9925215072,16.553606870801765,366.59856423611325,618.2154716378761,0
9151064828,17.40021906492362,854.1246161177659,461.80341342083454,1
9146732277,3.4063597901154234,165.62921130477088,125.0607556752352,0
9150771213,3.3476119051003033,211.35965370941253,779.3669424851478,0
9142670422,14.976888843024625,258.36758196189214,117.48340130805903,0
9146163567,0.3720289177524684,624.9559797803792,1024.052890019705,0
9916213263,42.53476483312199,314.3344862895456,464.9503980878512,0
9137400455,1.0882783133323877,303.60701339611643,959.432063099017,0
9155528025,6.414424983418549,213.8476967333961,1045.7374306947224,0
9914824648,11.32698211274996,971.6282473499228,181.9019881299475,0
9138336865,4.998570773119077,389.63850166752616,768.2741984213197,0
9928425728,19.996867233176285,182.4210886976423,1613.653205813968,1
9123158706,7.524331944052536,246.61271767364815,2312.0896100218065,0
9121327878,3.605107768403006,138.56514477565767,326.2927785622433,0
9920507074,9.274540641489667,154.82710622187514,560.0446019076562,0
