,Average Duration Call,Average Data Usage,Sum of Money Spending
0,6.82408339945535,1062.0709302416215,268.74664115508415
1,2.5887838300228516,527.9506627860615,1418.5898175887328
2,2.9500740229643894,162.81879238666477,239.68530192147628
3,5.047274384236282,192.59679031182037,200.94442890572316
4,4.737146629270049,15.703240935342265,853.7642002261102
5,56.76429060160303,900.6719245913794,5426.735917253664
6,5.245818082620895,540.7713432863624,1486.831361355955
7,14.779448231629072,95.43205398995958,828.1397193949161
8,14.293550597061696,435.2604774321911,1169.6424241610584
9,3.7107723030193984,105.23001271579406,736.9928738585285
10,4.2547580002921395,582.604782944419,452.57444213071784
11,4.335017125130923,875.7112583956366,895.1315599006817
12,1.5719999016424122,16.833710751349486,333.14898906973434
13,35.995758126775556,1338.7526601724487,598.3439321238125
14,23.988585545226645,525.2075559001963,696.3449625713424
15,8.208830652811967,260.6659129611192,1145.6809528978986
16,3.762812496881605,496.0285685314366,467.8960713521739
17,21.910440538952574,1025.4556618546105,44.9010667886055
18,11.226173151034914,246.90287347536432,116.74166433603479
19,4.960806137641305,1671.4235735692403,347.22948357565986
20,7.076196511960732,1014.6107283341763,2428.6921518190725
21,7.425548909664487,325.32282043085564,2338.4553718805673
22,26.31102046390117,369.93728539125095,1867.7508311251781
23,8.471683631964888,87.98299536632587,380.4010001695551
24,11.036376007541381,509.0161825222469,742.0539853763258
25,0.5367369487992584,324.30775100283034,51.60519217244502
26,3.9609510015879588,744.0479762347447,269.72738410425654
27,0.5805466859668531,120.66011811644904,1094.0755834875742
28,1.9824083160738124,1026.6697718882792,853.6868404567751
29,26.02787518994004,1531.7379640422037,80.79825898005991
30,27.808664554136993,1116.8916530742893,115.46810148749124
31,12.520876725783177,255.06872980300983,327.14610469013087
32,13.193373004078273,562.689464210153,53.73399158866678
33,6.194278255420272,270.2821711730345,967.8695021696236
34,26.784321909913714,221.20415866375254,474.3190569151873
35,5.215836903735608,117.31996332778223,261.8310529783685
36,11.495028342562001,637.7152594174657,731.638250679673
37,10.495817764961792,10.999223543660623,1230.0545550931422
38,9.132084336964958,900.9665972948823,1372.274674856083
39,2.5107938857876997,408.7658777518502,423.19639672163385
40,11.468277008187249,689.0858934295492,1135.2277929544562
41,21.041958375118178,236.3614338798393,1429.1957998209032
42,15.931574772561897,501.68621931737835,2153.926723313103
43,5.656378176598038,765.9630959339173,848.4922602339026
44,24.995520012213106,464.5337768898831,87.11471009884137
45,15.224975608810151,265.45293072767635,3046.434651014613
46,12.937161947745203,30.768000294299746,282.776658566118
47,1.3336534182839663,781.0134995493718,899.5383641180355
48,24.806172546457628,248.37799377382163,908.1592991407687
49,4.905508754696353,223.3422435339232,2587.962283161132
50,3.494575457404252,502.2195293024039,210.37822749169507
51,9.590192685312854,318.8244549551125,420.9819869462338
52,6.308227881371882,174.37273966081133,1454.0729935121344
53,2.948260826927354,121.24111418937547,1066.5380910756674
54,18.263253783248174,657.4313409672541,125.25804623249917
55,1.9676845533176852,547.3331183984899,446.32301863933634
56,2.5762393948801874,405.6151106817718,99.38943565263946
57,10.784463333667984,42.28219657966362,1417.1879544681963
58,6.522283812078987,619.3937740105558,620.5255046020867
59,0.7628439983421454,2939.9085030861916,1390.7671186109776
60,1.4961440079764472,302.4052926381793,723.9029368401549
61,1.1912952335747242,329.3871962826367,80.30005946256793
62,6.496758322820351,566.872586633695,420.3286670149128
63,7.771729736158687,4.026537072844094,450.66569390740233
64,31.717787384693818,1056.9784328900032,761.0901381601533
65,8.765708919194754,190.45566037125047,448.99275446629366
66,7.479499756998324,365.88435739833255,1085.623666005305
67,25.544199418157945,392.67683215258745,119.45549102952265
68,25.16484211648408,512.6497676531026,188.54187561376494
69,2.903641523588924,233.68584141234513,931.7624239545181
70,11.476952194453878,218.4476698621242,1785.8207424690247
71,33.319358671115886,572.8468436795577,5.084475128417785
72,2.5742661587488227,187.13344684574005,307.5979793583615
73,12.588416008774292,50.797336465732855,2535.377771619122
74,15.983006995297087,550.5986516211627,171.57751003242495
75,27.606791183166052,43.26027813461357,1023.2893980245047
76,19.22249747546074,871.8081487645478,263.1449022909942
77,5.473959173369188,1006.0082735309111,94.23597084949517
78,0.054547188264939706,35.06971896019296,1109.283968669146
79,0.35487631713201595,510.902227956563,1014.4376940963047
80,0.14002950976171097,1635.4719697251096,3006.476997541111
81,8.889429412018524,66.45239983758626,1516.7187503327295
82,4.828750659554155,258.25625551220116,717.4097241885378
83,1.2196307824914236,347.2489064867271,309.1601164567496
84,19.9844427845129,694.7447454513288,371.49943961057403
85,17.240467921200167,196.43656023136342,25.68890199942501
86,13.374725209119916,1506.0028624540316,870.4122788096147
87,18.347348440205614,2228.4137281189487,160.95559877912683
88,5.133773825142284,53.860212498908346,219.31036091660968
89,13.807895455544818,960.956612304962,2134.5183738350493
90,8.201387365174126,13.890662519202161,781.433592709807
91,9.499446606874539,144.0334979242525,1524.7821856315456
92,3.5396668808174407,389.7364210266695,171.70018765929308
93,9.222564250001632,384.7631392478006,296.6308412624033
94,5.545630438903858,1099.9051944285789,2052.874930606762
95,7.73369404821308,65.22629996131661,3.3353023852337427
96,6.669529781656549,81.38525687848318,490.17469808398613
97,6.929304802109598,298.73901570006876,500.1821893869829
98,24.9446598565644,357.09524513493653,1905.7738017080678
99,3.050005373921284,179.7737923080654,110.91734667678993
100,0.5097511990955919,258.2249591392073,196.96918500523176
101,6.211838468763612,617.8834012333689,16.501127317858202
102,5.246186832893263,194.9229692502168,219.81432942954333
103,6.6756419504028175,858.1451847278893,2366.2329165673837
104,0.7312544708575315,135.07494689029735,1325.3969835368712
105,8.725337155447933,590.969435434994,545.8946917738434
106,43.44484125515615,305.2977239907959,474.64846408109526
107,2.345691455304707,484.83764022049934,1379.5218333117164
108,2.3873461033659824,759.6887363923552,244.9598364281988
109,32.476624501221835,17.418884463083085,1039.7687890108105
110,12.274259420468827,634.0296449822282,232.40523339920702
111,8.988639962358189,394.0960676167954,548.4052674424801
112,4.794115970255872,180.49599022824626,3084.1719534854856
113,10.181587323630122,927.9190009033001,2923.967952174842
114,6.980161530282498,242.95258665002694,349.60385745664234
115,0.9408331487685304,25.544589972316217,61.447529183692346
116,3.5264687740247243,252.4589498574462,1887.4459651039826
117,17.610997246687692,1271.3057332207154,3217.4633489838343
118,1.929247311196819,113.91461778876466,676.8628037540228
119,23.485186421583183,1.4386616169534554,159.4731839025408
120,8.874963700870916,453.2094641814543,1232.6654983029864
121,0.166726766341484,229.27614781479826,415.705242867405
122,4.620706614558008,338.425211563102,2262.360771127127
123,0.4304269066381027,4.642669077334325,2644.978245481335
124,1.361411388761925,330.19019714616053,582.8342295350096
125,1.9755892928873418,722.2113579725107,2480.453158929154
126,1.8207189016648786,148.42843608330148,97.50937816567442
127,21.514833129478262,313.7615627458371,862.8298040742851
128,23.639504948881054,181.07802661483925,908.4944798045799
129,2.6840373755815525,272.3121135850184,236.4634568214624
130,5.22999297216915,11.978373437017476,1627.5058042266248
131,6.370696479640956,328.71894827591564,2132.982756548904
132,17.733343651705827,914.4609952631237,850.4440366670781
133,3.4532195098007437,256.67564034701564,377.6794195262156
134,1.9095293838416663,44.3879500741985,624.8631959975214
135,6.127533501568315,184.30561429674992,991.5484473247692
136,23.271766320271,1510.404228521583,2039.7885066983622
137,9.037124826047384,275.7885841834025,1858.724187628231
138,5.320719593538014,176.24968856042494,2555.982676713055
139,5.202884842049452,172.6392112049682,5.683354069373336
140,3.688692298706653,1080.6689812348836,4068.7687609438462
141,3.825478230210884,534.3129162293736,2418.243237321852
142,5.36290478304135,679.5888040432119,2626.7521969100753
143,10.165726919855384,229.51834864841018,1365.253026776134
144,15.860608833192824,494.03017504554845,418.31306473354624
145,0.3773656469964858,285.01664915596103,289.8066828182308
146,13.262952432244548,770.6241069796035,996.6323566588278
147,14.809165738161738,1976.9723092582897,907.5726797569421
148,2.8027560414620103,863.5414190932461,1051.0167875913048
149,42.04842213673882,86.04311130351192,114.37043504661698
150,11.23948080268934,185.86634354765877,216.79956252757356
151,22.32730130528472,2220.118982664692,550.875603707161
152,2.784642877409009,1614.8728793924254,642.2605541864133
153,0.5308002362482394,1715.1143509898209,550.1292373166555
154,12.369887603023368,1099.0884045222836,1375.0040585663803
155,31.527209343481854,830.8403149274509,241.12287698055914
156,0.23099979556821426,1245.0321027132347,1818.5682018824957
157,24.4348670656034,518.0830047260465,335.98030110214336
158,13.02960014568618,767.8499904930662,538.3272750703647
159,31.101407037061378,596.219751709324,792.290834202116
160,3.190151301765588,301.0511483509173,305.54785156331104
161,1.8704490892632588,124.40771688942725,1426.9955673535649
162,3.8949484113826296,599.6633087149164,1441.6465812148817
163,3.2467593250986955,84.02992799968953,980.9465345609547
164,6.745265319684185,406.59938645711685,830.90971994726
165,1.400851028693514,615.5202577774533,2187.321776678774
166,13.401123056158665,145.54030508848226,1388.3753453676215
167,1.5119920874628054,621.0076356106902,4904.872219453467
168,8.454844904061817,64.77187784792356,963.2140099580386
169,7.621499089761324,101.99076149155593,311.70780340743335
170,2.659506342056959,430.7058402260819,117.94028351905877
171,6.479712447046357,207.4272098367101,2325.755765100497
172,6.2500672404266355,195.16132274702588,2192.7030346148385
173,16.400574275227356,116.74793328721456,2110.47861670527
174,0.18759984618579087,779.0315328473607,816.9148573397106
175,12.476341893681491,949.5434784020371,198.47356664343476
176,2.8900743326373313,1512.683174597065,1616.241405748588
177,10.803595712998728,182.45213436079868,759.5379865665487
178,10.118273230826285,65.95571386523307,328.5482391270733
179,0.5867591578393806,272.1585402263363,579.0821185815792
180,12.690787714531314,251.1512543387126,1229.975132385446
181,4.153994390705783,257.12613470641094,1128.6376243241275
182,7.977143851003184,152.77673601129098,1071.832664575527
183,13.638283384068103,19.59812252404858,941.3278106131669
184,1.9663884809491403,455.1534948206344,546.5622383195936
185,2.886213176953026,73.92209139635149,496.94383997672884
186,1.4373146995106882,1306.7494680747313,244.81051594830103
187,1.634300266161812,1340.028385425245,2706.850453249838
188,27.97378928344631,995.7040566165414,339.8838142681635
189,35.56199457408957,129.29771924826883,1106.055910464802
190,1.5380009484564834,1423.726509333112,316.3238548341956
191,2.1798812845501785,366.324399988734,406.47976533272436
192,1.058026561392268,103.86616534702098,90.327700096881
193,0.853536281308471,37.945804841828135,736.7548293843793
194,14.626384966632262,39.39073943269471,1377.3959975434025
195,2.3617401090514596,132.79212983760777,1709.2871741070046
196,6.202247414341238,196.82082345395813,1211.9013305499677
197,0.8774987083194077,534.2630312010641,1711.7141905052927
198,4.027222985980075,412.4591343091938,2882.332890783202
199,44.50374068206755,2294.605099288956,2139.3211651817574
200,23.05309239090245,38.10825260183472,258.4597949516149
201,20.049175754381366,106.92635428290525,606.0762219913894
202,4.849361574541771,502.4419198926434,1014.4483567099885
203,12.059236751853287,621.9791271997809,362.9224850692204
204,0.3783656486409839,1276.0122654972713,3323.379464215736
205,6.9580314285821245,735.8364291587108,69.36752448409216
206,1.209176662477467,783.975025199248,1163.2998240970755
207,13.230935890079625,342.0597772592418,1142.6614839265676
208,5.741574114790224,46.76291219554345,2751.808920597358
209,3.9598972466181,256.7839260233712,393.98883104504176
210,13.92318902701414,692.821640328579,9.008111621037184
211,3.0532838628978576,421.9749470415445,3641.5889365044704
212,6.638104051825179,531.7336545635522,370.54599618369804
213,0.06582235783086852,351.88249897529164,3084.4942855182635
214,0.052850914964734895,344.78256288598675,46.08353276270157
215,8.385402249840341,807.7054610558572,1587.6476730489867
216,4.353673940500676,1410.962601657975,1515.5263382103976
217,4.701102256379966,771.5593295100555,997.876502429858
218,4.542831425895032,124.69156813112163,358.6906989168355
219,3.6965739243051363,300.3871533459612,1443.293704500373
220,1.874112628766102,281.7302480100977,2855.71795814534
221,38.691964352487844,170.5261847735558,408.3394790425166
222,14.919627870513576,222.53776393011,341.76120561212406
223,35.81114938435433,696.5846159377245,129.46209841688648
224,7.45415430378504,752.148133550217,2928.0128898369694
225,2.7240511530792655,1115.5577509968277,1321.4328465844328
226,6.6385748724841935,169.2105641341779,2234.769338204162
227,8.897531737470327,14.191088751768962,2300.9093094583845
228,6.941127552537365,20.079991632877505,1426.004278581094
229,5.615485125749683,48.03634311916428,121.43702443779867
230,2.8881476473850247,1563.077444538675,391.09951504629663
231,0.5914464650693417,11.103425748342794,2246.7771565216917
232,10.310588590912888,182.31614131981357,825.6134405982169
233,2.896775766106692,793.2509371705439,3881.3329855093593
234,2.1258458714593735,42.83553990006278,616.7727579556145
235,7.1477411536260815,683.2891672452757,957.6768052231878
236,4.792071173330365,183.71529462301103,567.4763917805466
237,24.879185238207864,986.0541598546619,238.939238294853
238,0.5363815003039031,742.9872287633169,59.141769225863435
239,4.740754445038162,615.7375882362782,583.238702752057
240,6.886003788085645,335.2488585360857,2376.5348127689226
241,8.659313070920259,647.0509252789534,68.73276654338626
242,16.479045191212517,1545.7143342553115,1336.2561357992176
243,22.30292775957754,1258.6697166555828,384.64138572624734
244,6.389373950520901,88.61914541406864,893.241229243279
245,1.0390353103692331,368.8603355174958,125.74744009515948
246,12.999156355567909,488.6966437422536,1477.5447464188085
247,6.714725435058922,154.0591510421345,2013.3421777008107
248,12.121781482859026,766.0328973045146,355.95069052570165
249,4.4215474029054835,451.6446005118271,278.8866801328313
250,2.153777699554,1922.3293096722696,129.98138940632663
251,4.117582807678468,1440.3302408763866,638.4395180646629
252,7.907842248572572,1443.0488098770197,582.099054268401
253,31.921253125092,152.47559251784082,1389.6228969730682
254,24.765015927522892,192.74995002979728,675.91316943851
255,12.265198698406955,912.7651670159971,452.76750006889154
256,20.0797095677055,1145.9807644189434,981.0317186634516
257,2.5900755357964784,23.3323490033211,472.65934119615036
258,16.17897931008274,169.39788738500806,317.1782014523878
259,13.437335029918728,470.82015223313545,889.6338417817996
260,2.16512837693653,120.86185871449436,103.49347444936382
261,1.594009831810631,379.7300599167691,1528.2767320311243
262,4.577334957311667,64.1123080930639,7748.628936604513
263,4.31427527426501,2363.4137848421415,1311.4561248829505
264,1.1746773388179426,493.12539727522733,969.3906268394992
265,1.863647892467391,465.8780030072304,3200.295581083027
266,10.726858851407204,268.31157714618837,971.6816504682931
267,29.28510341476435,292.24316485177565,52.30884421220803
268,2.9500288031925037,121.04085229650161,2623.2324162276946
269,1.158702876274818,427.011180568602,792.9229861322699
270,15.374541429946497,117.66178212195287,1609.4064545517117
271,6.710400235225885,772.0826695132827,379.36808632609905
272,9.468034013563875,357.53245879460803,1079.329237841388
273,22.852182710591183,353.66807466319347,462.61509097242396
274,4.962132487727796,1682.423639219942,291.8465933186596
275,1.144844068632404,156.96474885676102,699.8772866096725
276,3.8079350225152715,1365.168585261425,1846.478971346977
277,0.20458703902537123,211.19827603725597,825.8601024202275
278,8.994865859095958,328.18969220348606,2027.467615633335
279,8.783092451646922,223.7000806694254,291.64995973127253
280,11.74250748003445,534.1293770360779,229.82769163945161
281,11.093377430775659,224.6223483795262,102.095182060333
282,2.6819442371348536,497.9210971467127,3218.6576002330635
283,8.810933581755476,438.47398068871576,2674.206406619448
284,2.1954924988560847,504.57867914573006,139.49843201996057
285,10.62696013435298,643.3971449577342,158.76713995205142
286,10.455464402786705,697.6818274968506,402.0375091978863
287,2.2435016740210996,60.62170396510752,1934.5867264269582
288,0.23753042846485037,210.57595993451525,347.1250659244073
289,15.112230549587773,225.56934555738084,228.59348318469222
290,0.13262535209171003,95.66078870185083,1351.2736076281492
291,10.186646871771355,157.86067620893493,95.07014308834073
292,14.067806976134484,703.2696135083469,2429.2722227667077
293,10.282955327845237,1394.7779631792669,5958.35038342253
294,19.08663053596877,195.06072074622648,615.6740011921589
295,9.990191742990836,331.07213361462334,2719.110382499959
296,3.6149858653203975,413.77935157322946,50.988159034214725
297,5.338174854403771,296.2299365447796,42.09797767831369
298,1.8390137061900558,530.8564510663934,905.7419929231897
299,16.491488458021514,198.88133976562028,1351.8988281454817
300,5.725812391513508,232.1251689243882,962.9015784769748
301,5.035588567550462,347.4142529715267,289.7439196369126
302,8.364961422368518,390.2469879908352,26.543578206234418
303,14.991266721258265,104.39398216324257,217.40106232814065
304,28.885000132674627,3599.238113101693,1063.0974064903332
305,3.9724183926418744,1341.3655535789364,158.0260349148397
306,2.631698305087216,126.00014230545365,1238.9326830891089
307,12.307055599437229,311.58410465354245,728.6073509299434
308,19.175510423473796,98.50758075640525,1328.0421406638993
309,0.2426748002102765,443.259030252858,2994.493786172535
310,2.856446503498689,983.9526497261857,3436.6783076629276
311,4.9932786053443765,190.80724419637443,411.2468798367464
312,2.5528355693736633,65.93421545444119,1091.3584895271858
313,6.066729060135546,11.513145268730252,2203.5607729991902
314,17.86788388418655,458.8447169502606,2302.7244316457154
315,9.506238561572978,286.4456307879914,1863.769401107805
316,1.073963941641837,130.14273460004134,455.7467769496813
317,5.293315370989033,862.0063184481925,860.5955619172772
318,23.72927486284214,124.55886110490135,215.1274678273547
319,3.0001489766243687,908.9857050960591,425.70810451216516
320,1.5023809230074712,38.969249419114384,31.072284840022796
321,2.7409783879674308,236.77959727100736,172.59813257651462
322,23.523036105281054,304.1450961784535,2191.569196120953
323,4.0965607760829155,968.9603076062795,1282.5711787588277
324,1.7607734878831138,1244.5392246765339,208.1251883139781
325,3.559346472555111,405.0284694291771,3761.66218660494
326,8.379213739827453,69.86463791465827,1023.4616960313241
327,5.6946203002763145,1095.2801864409912,885.6432229931108
328,9.49158936221642,808.2818622142427,1789.9632120490269
329,7.892181184596031,100.50340416149614,1956.1684234735567
330,12.164342105506059,272.67423492925906,870.5955055446717
331,16.938430027666197,98.36036939270993,751.9084614304079
332,20.070387907162623,175.20604697085926,1273.5452744674744
333,3.097458074130075,328.3756053238946,1355.4520987237042
334,19.23106685671097,1001.1823100292587,1030.7260309343817
335,3.143589951945179,726.2200415652579,940.4127598640704
336,3.129609532093889,145.04307709518912,839.4080930939001
337,24.54160388270395,1790.740119736973,800.8771442011665
338,6.252126442509601,1252.30686414596,1020.1883179939986
339,9.30119278570763,305.8526232718934,416.52899265541055
340,3.9164869979312815,112.69243255114873,1849.0799189607797
341,19.268129485595104,90.6566370658218,201.21848096933033
342,40.34149728404405,1196.7484122038145,481.3621634008143
343,15.723405228804586,203.39887647627913,145.58204835237066
344,4.268639442310097,1916.9728940187465,239.68651537672864
345,2.166312714101908,91.69858992063332,987.3354177531883
346,16.38886146590463,129.98502495506915,1020.9646869159195
347,2.4922602057503087,148.2455996717868,484.3011325746988
348,13.197332136971598,453.10846297080576,230.58441650668993
349,15.671388001413362,1279.6755616223597,653.9319797812434
350,0.5617021656063593,1244.7361358169608,673.0863232061872
351,2.731885425495914,868.316447116601,316.6699320806687
352,3.4783709454863896,573.5140730370745,1573.6388845971878
353,1.7037203981390303,641.8450172865316,3397.875229553199
354,8.359246113424792,343.0449318093326,1252.676070470856
355,4.44466396725137,272.5980489080458,839.2452375427596
356,3.8806179087320114,29.26157237274086,69.08582071168618
357,20.22947036405222,101.72355788115277,262.5625690205355
358,3.6564214166038376,318.14986205484405,2948.4696366141056
359,7.045352272366616,1071.4255603963363,117.47698949133922
360,0.6739464929344708,205.68964099182776,2072.9459638540516
361,0.5187527923414363,3286.478179835923,1600.9924943824794
362,9.0021605101474,800.3755109533979,6.313695769166052
363,2.399687654863451,540.2444545725547,1014.0705781077744
364,4.029400155736827,49.51471564106865,936.9595936588237
365,2.309791801162571,193.66546411929963,723.7709735226268
366,3.713320654495806,1259.4096178744196,774.5213979287499
367,29.71929519339334,1215.9464741539314,1407.0418320649353
368,18.497419287796163,331.5071178189447,2190.0444397370084
369,11.88980797259994,514.9002375628274,1423.5960546883132
370,8.884180407793126,296.8813087544551,612.816238528503
371,18.34756916415278,542.1529459732019,603.3113009945596
372,7.295110487218351,78.27410789650216,1982.2067445496637
373,20.339630845586566,56.18582414311007,11.56844077027432
374,12.74230284132312,311.29433841009194,1946.9982817530422
375,1.9993143973409881,105.61280677686098,265.36027955240326
376,13.329383022841592,674.6754920134836,409.1278256935041
377,10.54032439456372,373.77564737461563,1150.8901075704234
378,5.899001415775715,33.57324383424911,879.2427499493447
379,4.299311321385416,333.2088620331357,853.4579117287765
380,11.145902344806997,75.32222954134265,370.53120990412816
381,2.919010507348484,331.99768275408917,1107.4264581818927
382,4.270881060083979,311.0529203932182,592.3877782621722
383,4.93632237202098,622.4910044081139,515.8587152239933
384,12.171215120798642,1038.8151915541193,1432.507532875822
385,7.259691019438858,1331.4623360048374,409.2587411269573
386,25.966619287515236,728.8147219096517,1315.5840685028745
387,25.537015480221914,41.57539270970616,543.379307255632
388,4.318850840009484,135.643956451724,1036.8584806786262
389,8.821732568720503,423.10102453510547,2827.041811110369
390,29.608976542216023,149.4322856130712,678.5644887640901
391,8.856174168529039,1155.181154821639,403.46050437194094
392,16.91107412785859,330.47710026908817,1164.2385698904643
393,1.4724397474060746,1059.1554628011259,350.60487063695746
394,7.500046053688736,1354.5303629552227,1949.8909739214487
395,12.47950979494153,911.8138124245984,498.8807683429163
396,12.121173969604506,487.21572183009744,6141.623536756345
397,2.081519317035744,1679.657452507101,328.9722054617242
398,0.6878905533237045,966.0678592313609,1041.2269577878753
399,22.17134236450477,166.84690384335667,2153.0507953020347
400,3.048737004760633,588.9732767342643,2624.09741872357
401,26.285911006916415,462.57889581418414,793.9214133582742
402,4.099909610047105,1047.664490187479,496.94413023121285
403,2.9646242020896585,2338.181103255999,144.94806317785154
404,5.320446044595939,728.6263005117526,120.98795431981799
405,14.652726163500985,184.77294812957797,599.809500592494
406,1.4541120126823126,998.1450753153858,1427.6049717647438
407,8.774003168058226,32.82219547342396,1257.945213474696
408,20.281867409133433,70.00525448752832,484.8462137336611
409,2.9177993981803754,253.3497472508595,253.90443384734928
410,0.6816942928227472,251.6591920021813,1103.475889859224
411,5.80468588382579,680.4801276149185,2558.8272584016745
412,3.7653683570666727,161.9058724375329,2940.8388327033717
413,5.555863271277934,181.29532394025713,2963.311257064577
414,2.8067271840870935,2.5382343438667156,1338.7543621923173
415,1.0039842380781152,1077.3257760564563,384.0417490901903
416,2.7636610059821587,716.8159040094574,1510.3615133253497
417,4.1388129010316295,208.98622369593957,409.6664585827732
418,8.212909891265694,799.1377312257886,374.32897695263546
419,13.69790546518609,358.7754338724582,2652.6946020845457
420,30.740156554348765,33.94289064481816,1039.3599292011202
421,14.096444228216509,807.1318166358991,288.51242396806686
422,5.68663775069362,250.23453909479048,397.62101562179777
423,0.6099090608669371,109.02370263879797,2007.3513211469515
424,25.869142237162407,555.1771014285762,835.5904464807754
425,5.205549746358326,879.9131554585756,1037.2768325221007
426,1.1250819409686759,566.608082285738,1795.74466914254
427,9.147832542511047,1640.6881469570737,1026.2924569660818
428,3.4086901595570946,9.656859511586347,25.464960271741514
429,0.8387701406319642,47.767410362883005,244.29447281905038
430,17.606383621933116,150.5712285559287,144.42032586010762
431,8.122655225836258,27.02912571743719,28.61635372214474
432,1.442295042876307,1473.6273183670164,917.6486694668467
433,2.5751285910327915,362.70552519865146,862.4386391943297
434,11.334429338208725,374.1863740511754,157.9872689502043
435,15.325246286396277,369.61628381102537,1388.1257580614779
436,2.4410190560849907,999.1412875152254,54.54751623254382
437,4.9298589342033345,60.10071719923804,406.9704155756059
438,10.00492185204423,4.068169989244923,779.077686922001
439,0.6501625515683327,209.89116661416932,468.4384357938656
440,5.725761513085263,153.13886703518054,2059.671717109459
441,11.268190759899241,2187.5371053255617,757.063214410871
442,12.547038524774607,487.00169070456843,1341.3859962352906
443,1.7138017019872467,1621.417854509518,28.019699740205404
444,1.0735511890151046,745.750636992869,729.0639419084376
445,11.499937466828618,649.3580682935649,398.9003093824753
446,8.67164019257978,445.94366277561227,122.54955189155564
447,0.4237894822902677,437.4549856231765,766.8784000780653
448,4.818345707468808,15.677504930126274,1560.4623164398454
449,9.35993995111897,811.6642515305467,92.37764735010151
450,10.454947547524807,69.90845648147715,832.9618855431288
451,0.3289698942090579,320.1257470665782,1693.0558124259856
452,3.1551959787984436,504.75775248029186,1551.366736031121
453,0.5657445744941079,1243.3224127552758,856.666269386282
454,6.047407936905577,173.33471028753786,595.7755057693996
455,22.436753411128855,213.16773329208348,966.4818074201353
456,7.0268255785380624,321.2872735166743,932.5965490473529
457,19.53498612846723,527.1583885987823,538.3590673755938
458,5.0254565839190874,275.8949456218127,504.4064568475447
459,9.970209605329565,719.8901429336122,91.85113577246895
460,0.7962848970440485,16.263166803893018,229.05545763553536
461,4.068177955067863,4.887862396377591,171.38678351585463
462,0.4096766507231522,156.2813025642107,399.12244656228336
463,9.166545361939807,687.4425050720135,3229.5234887529487
464,8.546464174368268,543.2660920246461,539.5305610101979
465,22.230027609290484,162.20095579797103,375.40607375072574
466,6.5840549100616395,72.90052270673348,480.7807826429563
467,0.9345718886243255,406.90102745907456,1275.3713856252443
468,25.219313725433356,30.182201602786684,89.98615782655665
469,2.5476988552616575,77.42678436481798,191.93710161337816
470,12.668517671865146,739.8682183537821,1097.4899298003586
471,16.97828898026712,156.82661921555575,296.8964479995198
472,11.931774451461303,219.44061898287353,1958.0625290617604
473,22.268521297292487,103.35235881098986,875.1347616489725
474,2.525492435088681,340.72398946470554,232.24425076501484
475,2.4162836094349807,2250.15897984238,46.85890531248757
476,3.637292574246645,108.04262226229666,3177.225094272242
477,3.1266539431477165,459.19924508924095,205.92517188374342
478,19.748753757474574,516.6495884972574,79.18413967855814
479,4.922653298155726,111.47731987836471,306.74380327136265
480,5.001411032833907,114.8300265807448,932.316082609191
481,4.586791642735802,2222.7951892361925,407.51887710891043
482,31.280666228429315,621.3360600580892,669.04373564587
483,0.74474795143533,466.4202647148819,318.31015126740857
484,2.690569921154682,1383.5324509721422,949.0480999000688
485,0.22945069862023063,754.7447418641652,676.2485265470798
486,20.9523005151294,203.8287772654802,126.20280275742974
487,8.091799019196209,29.995801445462337,30.571191239890837
488,1.7638718334362498,293.2302746858957,1613.7714300100295
489,5.596522348935001,339.59786964717796,1900.4397898656061
490,7.198365846622286,66.0740305603626,457.5760497290054
491,5.619577513333633,277.06501213572596,203.857345599924
492,0.023772891243267112,2473.8925296674292,498.5740141096806
493,35.16805245146165,142.07729473267156,58.90916267429624
494,39.86768266700045,878.9465594583953,254.33381058183457
495,6.017723570685526,1215.5163770785196,166.61987415866523
496,9.01813063524614,1195.7656736881763,325.97223728330175
497,0.2847314131549201,695.777237489261,1788.8647778419536
498,9.978180197439903,1424.3727455234598,2709.0780484162296
499,18.922278601713646,591.3264880001354,125.71048493909277
500,18.979492753806728,24.571875862458235,263.13788986629135
501,31.341052223195444,835.4058939751944,1505.6648404980674
502,2.842287016262182,1271.2865109224429,52.57358057470572
503,23.131510479232297,414.0428852349171,135.46814078358048
504,20.576057198753908,142.24581460118102,311.85467715940115
505,9.940771751450077,87.00648699551118,974.1288845482734
506,3.538501493364853,957.758533588274,207.09653447703215
507,6.062265947887702,87.23796922570106,1822.8966581669983
508,11.700327146086103,1620.6939220881472,251.49955783950645
509,28.97197297005272,1259.8972015240581,877.6314406780019
510,40.53309423919945,267.7158620909351,72.03300348797502
511,2.7479564768146596,487.6855177049809,430.2953285108255
512,10.035628335390165,16.097400875450745,1716.3060228873694
513,3.895585464999928,1278.6052114173106,1381.860599105427
514,4.211125606472027,667.4797427823084,261.8666204350227
515,6.705588824498197,226.26533415600665,2541.5677861443837
516,15.366570514363909,201.655237894157,1387.10440096484
517,0.36448490465184014,187.30839404498323,817.7096990934332
518,5.419551408028495,131.6185686849044,200.1426994373527
519,2.0925399781949183,1272.2926327588802,729.0627530438425
520,4.394696843235945,496.89075378977753,951.0580043533269
521,22.899042909152353,1088.309708771211,2420.9513945568224
522,33.654374269649566,578.7969182165936,408.9239167397892
523,5.709358794097361,773.9844327160704,278.890050101677
524,16.17253921586277,178.99527025646609,852.4133230107459
525,14.61561134552868,511.0459480897326,352.64913738815864
526,2.0230286865005285,69.76313014905786,2764.2606024654538
527,0.23013447112092228,1206.1652026217923,246.9341993958672
528,9.903356783813988,527.208084403992,221.4427262014165
529,4.601875167575595,447.72975645472525,862.6389403437129
530,0.16188596793675428,549.0785987470399,837.2960636491678
531,11.768113954355124,1200.763416502871,2986.642598818236
532,8.728866553681485,49.385659369012664,337.18402715334906
533,2.5244182129122366,750.0010774971693,1317.3723693993552
534,16.098395189345712,158.48976210094122,108.81320580510467
535,1.2364405113159969,335.0346726647779,129.08691109109338
536,6.476435202786672,331.3760130605823,2409.1644319831844
537,5.328798747328082,864.8122783493404,443.3786884016596
538,4.137589817451916,180.2874591077509,122.8279741503753
539,5.64659223096739,618.6323386042527,1614.7812524652384
540,58.651085603984725,715.276958075011,163.39374456087995
541,23.305043680270554,1166.9087072255038,1073.3205129194378
542,2.9640914684578434,17.958113585132807,264.4608044645779
543,30.50562194179213,1422.3015872314809,478.07830348300973
544,4.02413862420273,2134.5086201163554,2047.2200766837805
545,0.33274868781656175,665.7500332964006,1500.9798900360195
546,5.8690735140770105,80.35607690044017,1205.6928126848836
547,0.9919635184225379,60.24521622642791,316.89426207506386
548,42.32033753728582,132.80388543848125,271.992746931604
549,2.0460257293209407,54.2573259858949,1615.2363504940013
550,4.539125492970525,241.11379895367332,3372.5585841397233
551,6.515591780258722,249.58361721198085,1101.33213597318
552,7.55188210205331,301.21002447427276,384.1756938095717
553,2.23393528654482,874.3102367320034,281.94134588099683
554,16.835972305221812,808.2439469281794,14.714329130351365
555,3.413528906994752,1520.4931697727156,34.021229377056855
556,4.416203271653855,1863.1023808683126,1666.5686274658037
557,19.571224510928275,127.8123409137078,2403.5776735629966
558,1.4139583739358264,333.93279044918796,2366.5302033716043
559,2.167804504852589,1069.2570140268176,456.67180995183037
560,1.7079198505700932,1197.5828939437201,829.0516568895919
561,10.007272138182415,2161.6440190125604,230.62915499530504
562,1.1384795660426417,86.33015731481325,673.0167795716012
563,4.934795206406736,65.86219631463112,2559.7931330823526
564,12.302343180661266,471.07378862636205,8.850254378786012
565,20.703431036463208,365.31023508456263,549.2159025626141
566,4.972620715003199,1060.4027881352245,1274.1786298145084
567,4.645753898628328,1016.3217638559195,530.1477581218162
568,7.521764165769756,1201.2005239998507,1179.7511282359924
569,0.3687733865889362,464.2002744597601,4056.671540398159
570,22.262605717755,851.4777075194022,688.4763699707812
571,13.821843252928458,794.0541860726811,1089.9946087026603
572,22.77159067416438,690.3767138069995,2792.9331706888397
573,22.697404854823198,1.157607088690278,1882.910848127709
574,12.806183837708339,124.43861802138932,320.8397954794413
575,2.286485323096266,164.26425856412226,781.6288282911281
576,11.318809359610018,1677.126536838087,283.66251651815287
577,28.133721533680756,332.40357276579016,185.2340911718386
578,25.571883278367746,509.31502672988705,578.1202704944507
579,3.703319932132085,15.093374035709024,3366.977152827492
580,2.2575275861538575,1151.9860850126574,2316.9558224640587
581,3.7707911165466053,248.37439562551344,391.3969830651209
582,2.8928917193276114,1016.5658019881407,1246.955073940687
583,8.641156718271377,1116.9044742792846,321.2585916759097
584,0.01845860693971847,6.291016467680409,1512.9441583024388
585,2.3384970874958677,45.630676083115404,514.5148102703255
586,12.903330074797129,204.93633542484213,2376.3761757925117
587,12.386926417703565,59.36583729478675,333.28303342082285
588,8.091461672036598,68.95669761590757,37.64779898250639
589,12.328268656339379,824.9821645120256,331.52236596997676
590,6.322216140760011,228.80361611889452,735.3314278734055
591,40.88222872386556,5.086999180165421,1947.2335850628685
592,0.4994894358627977,1066.3135049838588,1697.7796312035216
593,9.526658270799812,452.2326857924466,1469.6228704563712
594,11.24211048190116,747.4753301842634,5632.883951489886
595,9.337937519985113,50.92918515803226,1634.1822732448647
596,14.201374876767176,64.21514343887567,84.33706859066832
597,1.2504820515770934,718.5672811588963,31.52029879271634
598,2.4945453588291295,245.68024733910093,893.0255297179546
599,5.107566866137375,201.74812934809304,396.4391914475269
600,0.16535572251263103,1546.6130117343346,2099.8546393346523
601,3.179944088679225,2304.526043064421,24.396089856998614
602,3.6518702818832596,383.9146297848301,1436.1911707917845
603,4.813316690825435,216.19853196207393,2401.10796510156
604,17.15095929273456,1150.5396939373304,569.1520442201604
605,26.653118260211485,513.7109659024916,163.41273600867063
606,2.325304972463254,277.8057445779704,169.21564912986022
607,13.087464807949075,1815.4645829791084,142.21626360557119
608,39.90404320602345,267.26983089658484,787.888138635684
609,6.8833760413944844,665.743029708835,1098.8414958635922
610,0.38272498766042934,266.6304846817668,389.384564158163
611,7.925242481887873,317.89766246422244,2212.7978927145264
612,0.3209478922781821,618.6918840572059,1445.7739506273338
613,27.69871437930602,2448.393801627116,4764.164023808066
614,4.410182366349844,91.81753621864206,1553.552905326202
615,0.05417305218831125,198.95065248317866,22.678994758490784
616,16.586438176811605,117.29938927195663,5362.070959849558
617,1.9011099335625392,23.175126282798132,1407.2786574352615
618,10.680197673789502,188.05800085391115,1862.2430468245195
619,15.179699075570435,406.897461556787,558.2870356004722
620,2.4038578560977806,425.1420357154401,68.0963335818054
621,3.333484281743665,1397.7348568937703,1256.253319657674
622,23.580859031406966,27.641200447090707,311.97286858419926
623,18.016805350841352,516.0939298469979,463.17137102659314
624,3.561550639907617,312.79612241633794,4619.0597971869065
625,10.757339738356517,613.6857956703174,770.4452452423417
626,19.297000869740042,624.4388110467249,1385.2647554722855
627,0.6864250247626791,352.09418244920266,366.7073122892388
628,1.0357523397266375,179.95556335433594,879.5306204314617
629,2.9490883819688145,47.51697506239664,578.2710590108676
630,13.508573839107893,29.203110408771884,911.604005003222
631,16.05964148153531,62.27221643370025,4403.22974008315
632,10.67990418752692,2166.374063964621,439.5044507551815
633,0.020443194374882345,83.77166791709749,395.4671157648625
634,0.6174177468729737,500.2963730777741,281.2759242329891
635,18.36567931856112,589.165179801665,22.14793306132082
636,7.963746739763371,196.48556957830596,666.9793661128596
637,4.314800840781612,343.00669932436045,1206.5264235992645
638,11.79823097669808,676.3074145719012,704.2022751701115
639,11.493341845828356,684.235418167129,340.1166333468139
640,4.157344508465036,439.16083848753476,267.574031325347
641,10.539890420501422,88.1456500256012,20.575024857300278
642,6.875853890186832,91.93556908708295,517.4172203833917
643,26.963893233458638,878.3935033639572,295.8057447346046
644,14.899426212750633,103.67359345994237,2258.018011413914
645,0.8050034772302194,464.7547194476827,22.71550588516342
646,0.19596680249715756,1062.4395619002055,3260.2600500067438
647,10.709960583866502,239.9257319887576,537.9474494695241
648,6.596339992574975,152.11778351476195,435.3571309227086
649,7.802811428175305,474.7697397029288,715.1735883597318
650,40.441971314082096,1735.276391623593,1144.808304044017
651,7.390627959712449,617.9356057308354,1882.5610590096937
652,7.747445262347696,474.77895547977545,984.8095533681961
653,29.37995463715479,183.85415226429944,413.2256836686101
654,1.662767615143263,429.16707287676303,394.1938223417047
655,3.2872422918150956,460.2052269288186,1128.8155320454712
656,9.80677748822652,143.3816463516206,1445.9511699415114
657,3.623634755512748,304.4183188603678,446.1873747898844
658,18.06262052453001,1383.3272208402636,566.6844834597371
659,3.4630431444753684,1661.9111357271584,711.0886500206819
660,19.177224168703543,960.6219155791421,1074.1173151705214
661,9.677922208334165,212.09543206373488,1220.561114249435
662,20.535441034314687,190.64654344103724,181.00312770234115
663,18.80090937511972,1491.9184516975959,274.77623124785805
664,1.1937671113358297,342.25315078195865,1405.2066338668405
665,15.356791987198637,158.09530976704403,115.6925433122708
666,0.19949593073654126,350.07040334413665,2129.1250747943386
667,8.839696432667166,314.64250336517307,41.23119484843002
668,13.184663631109867,2.9414618537972577,300.4717170049514
669,13.182052963848134,61.18394555661023,176.64077982119872
670,34.242248941630464,1449.380791810842,695.7005924681142
671,8.890060719725959,270.2428763258313,842.5763021925848
672,7.458609491161119,48.39678584568575,334.7055387078055
673,5.135918116390723,1232.7470092486885,787.2199269538204
674,6.839300928735148,741.9748798916991,82.58309483897565
675,23.362171739591545,550.5234356169963,753.5637696548506
676,5.815213483112165,120.72170090577565,1943.1211040685087
677,7.0990948927919595,256.4671006233503,412.1462734215409
678,3.009016069919876,351.0209097834265,120.0298789967618
679,1.910119844418757,482.0372141636192,1239.6644008509893
680,3.4691833297528536,784.6550689606084,1502.1787911312417
681,20.46132933027299,337.10052676609604,1658.9831074358895
682,30.38681611085767,422.1112689571869,663.2753505565652
683,3.327532185427331,1145.1538204159156,752.0495953256567
684,5.615574854299283,391.63301916789624,1216.6751080654453
685,21.16508220684551,52.49721772451209,1422.5884512500775
686,7.242270766719296,510.978050191692,1104.6098005399804
687,9.652072004255421,91.69958172217366,728.2278006267171
688,8.469200250750934,4.6105437753002585,323.09620930059725
689,12.86336035127878,202.40900426755374,467.2937177547251
690,10.936018488236375,108.91652327973618,4103.3305042134125
691,5.295213081339517,174.20882239947287,1054.8074733829696
692,14.618419908407304,125.49791449309913,406.763484078066
693,9.03339262856666,519.1202164707552,643.0864775118908
694,12.328777772896764,135.73943313553724,1292.7470580001466
695,44.52344088678779,324.4710933399476,1884.4186669565117
696,0.047954089707112554,394.37246303561864,1291.3891197464318
697,4.000593841226545,488.2141307139147,439.47916656260634
698,5.77846910069376,88.39952067494247,400.54808599970687
699,6.597117722605645,587.4199395618929,3566.7747503271567
700,1.1498338877242233,6.584290493259672,364.00088603613153
701,6.682008937216985,323.0521488539143,39.565318115949246
702,15.386217431994622,854.6741806059391,1107.1885941324022
703,9.194281794378869,273.7963036905776,1229.4512247498844
704,6.863721481464028,285.93185057373483,141.29004853598803
705,9.279968545406291,627.233207312003,2238.6104992389064
706,3.893307617890287,300.9384027076389,533.5689022303079
707,6.469426022687016,131.6007597523216,2419.2319142958495
708,3.2259346426044506,442.2252037574861,679.1752884367495
709,1.1583948373272903,404.3538018885829,49.20465685372678
710,4.107876019745834,1261.989029580504,667.1298647025346
711,17.611846441315805,64.62582479910365,137.64486099725144
712,4.53249093130002,481.1483886540493,596.0962024164443
713,7.559044047796965,2271.1196891513537,34.7193371735261
714,33.01108686673862,520.2929550813859,1499.3973030954485
715,7.21464541964025,1502.5365463169646,1065.5245614182209
716,0.980715507795943,266.7965929057682,125.03792783995449
717,29.277549568664778,207.14093423529522,1434.4313871732115
718,7.218693457113798,202.01166296178317,1537.1200994769588
719,2.809519682493486,83.82401324902754,124.2684404774275
720,1.918929947161605,831.9031206402137,1722.1493777766598
721,0.2153032232293564,315.63177733139264,345.7018324553646
722,2.5817224466698256,872.658951478165,212.72057636056707
723,10.248540996410114,681.9544984803979,167.7324127194172
724,4.222025224970237,591.1182707230945,119.77896687757965
725,44.84355479892695,37.51767731975064,98.42503954144505
726,5.409214575198142,192.09314238947763,227.6606475448415
727,16.5435284386384,2178.097361769313,1057.6954427874468
728,0.2955785575537805,432.59588843219206,537.6911622885076
729,5.203245161251427,1912.1760882429796,47.126716406959616
730,13.93441584292743,633.7345569165627,1743.6625389031872
731,1.4051058664133687,59.8757836539586,1446.8040492130774
732,5.4642581554751,1266.1546684310679,2614.0321001860216
733,3.7932008572923652,301.3990267368451,1968.1128269454655
734,2.5052702310394572,766.1479585370957,420.2987401250313
735,21.461656977825385,1588.5021125448582,1158.4123366114957
736,2.095966620272445,728.2041194826178,1992.579065787959
737,79.85986006659766,1135.180219679573,384.79758861907294
738,0.32897892844748056,237.42803000787384,663.3743353016324
739,11.521901587128223,2069.861956507316,3482.0214518581056
740,1.2477661178184416,407.7160146202402,747.8556665956929
741,7.945781932984569,707.4637562827168,596.9512007893354
742,8.72072167952955,23.101004354512554,325.3122924995146
743,2.8190261520235946,714.6289993766195,1252.4202237164695
744,1.7924890374416322,332.10707135347945,525.1224775104464
745,9.699448205526895,1533.481902028438,72.4895049446775
746,24.974457824637398,1479.3310493128845,558.3467724996344
747,4.0162729616939075,331.0475913664225,108.88553483707787
748,0.9205948584052847,508.82623368268963,94.8527834159183
749,13.063208210933777,884.5085645977395,1124.831187341492
750,2.0068556634849504,1066.6772926458523,1126.6555141184674
751,4.684722890543423,441.38167697763413,105.51352839741035
752,19.047050554471376,1310.411349801233,217.04534965599362
753,14.556877682880152,17.695922210571783,496.4827669405308
754,9.637712291363412,3448.0020915099435,257.47873989856583
755,9.790555268160636,479.97398928874634,120.78963676239452
756,0.8656313529624836,684.1612128416084,1571.1799295550352
757,13.491869843477467,632.3803529908222,2198.811031921352
758,6.361344627693643,151.2677360761697,216.7072031343302
759,3.95996477874804,266.10328115377166,600.7727078821126
760,6.262962785421795,1969.2795020456776,984.3356289738585
761,0.3596163795213575,595.0971235418415,3575.8918541662183
762,1.2215727722156853,243.12521769895736,2728.933245587219
763,7.778068899545653,1559.2235866517474,544.1070952040975
764,4.61561098653107,14.132692665353074,136.58559210682972
765,11.774637721280175,105.5478110374122,352.5101092621147
766,2.7609167554943785,151.55603791199545,817.0988249313111
767,5.113699467606133,58.03309818077559,1041.9950974919686
768,10.882586792264215,59.60107373809887,115.19752140998055
769,10.675200772800768,333.2208931564224,590.8389693713302
770,1.8544446437645692,174.2194148886384,52.02181545343426
771,30.77796428549725,210.66212254735703,6.842405832079969
772,3.0020952585260825,74.74795216370978,407.2684341084682
773,10.353362790186303,436.330942277581,315.5677777009974
774,7.999142685766274,445.14782558695487,1889.6077220199913
775,24.017819084225426,89.92793342549872,139.58529113410032
776,19.782444797755975,158.30660673968163,1128.1242287488435
777,8.692241996251232,1199.2729120818392,86.88361320952127
778,11.975471403711053,830.8039058071918,1228.3551158258513
779,2.387430055114653,464.94320844239,891.527796685786
780,2.0228717316943507,518.6331207730088,977.4928032273657
781,25.747021711943038,235.76387310700648,364.4932441433628
782,10.336123387178876,144.37377912493477,1037.6123318491789
783,19.942183427464805,102.15696339837666,2818.7926690998424
784,5.54099491836128,329.8963331145583,3749.2932971366113
785,5.543351033327314,573.1038594758438,793.863065184111
786,0.06863632201511434,629.0783310372032,106.6083048598194
787,6.818690138406144,549.9962360092491,87.91820351337157
788,4.165557623142681,198.31512384620186,416.9641294343454
789,11.258711372640098,105.0895838151003,1020.33020115586
790,0.9267454423492693,1131.5879942614483,891.0213878004537
791,4.348249352418157,20.35116074968227,1861.4405018847403
792,3.156762580619331,1501.4817101951917,1311.6837336921446
793,1.3403680671903972,425.93634933698576,242.87203979072902
794,38.13488697758858,452.1468802998157,3387.6594233888504
795,2.8105575322563423,493.7182765992942,445.8190739046139
796,1.7932151268271637,675.936394180314,981.501055639671
797,2.4956021651197235,6.614245873446391,639.9957240432655
798,2.544010480769558,90.7129857417216,356.3100750439732
799,1.0779546372981055,522.722687243089,272.3930830282233
800,2.980859288514297,405.8293739351986,1902.4702103472728
801,3.51600971708347,614.3270166098943,2363.894253324004
802,8.837325754802656,961.1938223424315,220.87900969419186
803,11.804329534033817,258.40330946079825,795.2832864555483
804,0.5970469077633626,76.79002888296753,67.72160717109843
805,14.420468970170372,116.34831984623784,631.4777067618302
806,6.75066306746901,536.9919176931052,4178.6467106922955
807,17.391366569527783,90.46200168103758,546.3549071577108
808,5.219274465436249,106.24826557247826,528.9695913232083
809,3.4702304526092993,473.9608166914235,684.5183181597608
810,1.008708983952369,453.8163215911148,174.39061884055647
811,9.099415425473959,462.657910646439,531.2394705797847
812,2.3481103673241184,774.5002706268957,3929.1010149603935
813,8.952505113462246,268.46390285878743,1902.867495427052
814,3.408525072571165,111.08200373402995,352.9292559410223
815,1.8154764154858258,806.3179693478437,1410.6988407260824
816,22.683753654572495,87.8045823409466,49.8169599055063
817,11.176193812400054,377.71708944075635,2081.575661272592
818,14.170464977117408,138.5245156029877,454.1679011575101
819,4.289535382112178,893.8052031899994,115.84396195326309
820,6.969971617451965,302.69458126099283,1380.6762152955691
821,6.454701370036734,246.68319509803933,95.53969286054506
822,16.708376899458173,776.935620756056,684.8988301087688
823,7.304952159541193,285.3642899047894,341.76112623696895
824,1.5408688842131804,352.39905293388455,2474.5744448914875
825,2.971234356347269,136.53545822799188,445.85022674351853
826,5.405125711903169,1185.305684476345,261.2007563312697
827,1.6737978514946403,329.9237329873987,3056.92209487912
828,19.589881975322317,843.6581307215597,936.2207867764289
829,1.8603155313523394,3.5069894081758766,2078.3308097024074
830,8.095189319635194,274.9656475343668,1017.0306027952587
831,19.562795619546286,235.59110905096134,1042.1085920502821
832,7.77633510910277,604.7886683400712,765.3688156976954
833,1.5420528201937145,1016.067693650693,1250.5513691759102
834,14.203940709782135,88.34140518240463,795.22193529745
835,2.3649783256688637,738.8219769916066,42.17819993572839
836,2.403269998785505,851.3822898496538,2889.1755754132987
837,0.7351971394839223,452.59426332023725,80.22826141397039
838,28.314962249955336,125.26610578488342,77.97475882370085
839,13.7583655957038,427.05166137562776,250.27240348550157
840,2.0979103378470207,107.45539577444303,1119.4735526368597
841,30.594870470757396,6.018374500235118,70.85497909815388
842,6.5837345703259516,384.25952143461814,365.7922623395415
843,10.418831738866995,563.3521292867836,881.9119057021528
844,28.097444625139044,155.83563170285157,1111.506697788818
845,0.615662156729647,211.97813892599862,454.29337988885504
846,15.89605165239887,440.26014606048165,1982.7596609152345
847,28.517375411900055,594.2039747934907,1047.166157198066
848,3.750987941244397,329.6771076402504,642.2594434740103
849,42.92651952801399,906.6632551046091,1717.7991784418766
850,0.6983619174494378,281.4621859842304,29.86821685653098
851,1.0263496393089708,214.6758280284578,117.7951561729191
852,0.8922610565993736,117.46022598419366,1186.5638652931086
853,20.04059424617946,452.57096230780616,1085.330240072707
854,2.2314998118267586,93.56762351039167,433.5578250723095
855,7.4110667599624955,199.393926951544,408.0749338419885
856,29.19309376167023,1857.1045007369646,402.5802430204799
857,1.1370864912575955,80.58272129276702,351.5554710960467
858,18.296908716474373,111.25001936770974,419.18264185422345
859,12.535984274680915,71.50230414856249,53.08517167182564
860,27.27400609416719,747.5145246115753,445.97703360868
861,1.1847389140916322,137.9307465758883,2665.0116773511754
862,3.6881344093071826,239.72381066847151,5217.896401912349
863,15.934056632250318,536.5616543120491,1317.3403794622304
864,9.018108692030486,188.68979480183333,202.81948310339396
865,1.8859518438405716,640.0768687654569,729.8180614753443
866,10.835551912701336,572.6514977687979,151.89028174776183
867,0.21797937998589226,252.72603702764667,343.76343337758925
868,1.5975571474044359,276.6871842902622,513.561454744683
869,14.665571835175248,246.53119305274515,391.97657442647056
870,5.27328746819107,272.83195850644523,480.2464288596621
871,10.204135235327431,666.4094481953737,117.16817819001777
872,17.505491787785157,497.7504672653601,40.267583668878494
873,8.024039605621965,475.04580754498926,1299.6023083754155
874,29.12249703756755,845.2098848872885,374.43922214477175
875,9.79886043802807,317.39056072540893,1086.5651932240783
876,19.920211539689667,667.1602256942846,522.7231486856219
877,12.469983616263743,437.0577229404376,129.04264559808388
878,4.503273888407551,85.54536092522788,2743.4912729741895
879,34.63786883510807,507.529843697527,1001.3761574304252
880,6.678239343136562,529.561236804129,2912.8506136300603
881,10.146367411855408,974.2759601589918,1334.6190497737255
882,2.4588475852167897,241.2244212585623,666.6507822786509
883,5.35785427378785,121.18696178159658,1885.0288904517763
884,10.839141653697428,302.51912900024706,1337.2841751703156
885,3.2063757013265732,315.7350215444498,876.986070706185
886,10.616203942876359,528.7053260433194,457.633346354511
887,3.2333817419164177,6.654663140418236,312.40630405272304
888,9.008617405676475,189.54580430944594,1604.9905361067354
889,11.651734132743512,355.903317805699,1815.1058548886804
890,8.549633754976377,538.430467188368,2395.986939789503
891,12.798068214909797,267.93010380985163,1060.8052937271045
892,0.3593249837014969,459.27071499923676,109.06076333368401
893,6.90945775792806,295.8364857156422,1684.9907794749304
894,20.43093239032588,220.2544963737197,1687.6442996635521
895,9.032177438274925,0.04183904176738855,346.43585042607197
896,25.94421849182694,145.17759921456175,65.70837384927823
897,1.388934752192439,184.29131910605173,1302.6359415684813
898,1.1416998202160344,43.78262011888147,629.881559171208
899,5.972941719258607,418.4505498328873,415.36882418448835
900,1.0836974046386347,1410.7663185064864,1364.9606684555592
901,9.533051075285425,34.205826175739006,2680.907977460419
902,1.9879488783941812,96.5233257075461,1528.4044780156196
903,41.93555319205668,570.8105617342175,290.11970480912163
904,10.726491720375437,750.5984707877261,5474.899331649823
905,10.709743574111936,83.1468688241278,871.1110842108545
906,6.366060963974029,785.1903919987334,324.50576267236573
907,7.646412106920463,56.372173982458975,1505.45620651668
908,7.687795014766444,776.5991354224687,779.3908612996959
909,20.222313996038302,265.7628619050117,641.5787463452415
910,6.769939532633136,484.63370094791344,2595.3213673019086
911,11.470176732167044,373.93949837435287,334.8170439000727
912,1.2617715793710185,157.23732437860988,533.0225562333619
913,11.023204807067096,227.85664806943814,3790.2613194826667
914,23.193393022202716,120.93288140026121,391.17135615918613
915,26.44239233631734,91.38593959131128,1237.583249916063
916,20.672456377285712,519.978975777139,215.4762000014681
917,23.70165422585356,835.0006833250457,685.355717802868
918,8.75508049794964,46.18553751369604,1434.3914590633517
919,17.20518299601132,103.67215325972647,884.4798229087266
920,14.365397599566645,199.60181461847716,994.927342246229
921,17.654287958253384,620.293460304526,2346.5734688518983
922,11.26567239708958,33.60031615327356,2167.4664477429797
923,4.534309539944479,24.36005515128123,1519.9128573644593
924,9.354226187714104,669.8740258335886,75.48964812026806
925,2.8523285249841095,172.58895939345126,678.9738079191441
926,0.36914342899599295,234.80447712073925,3456.6518102015443
927,0.168864843120783,225.2423104426557,919.0554831774754
928,3.3665577870082175,54.641771291109116,17.422908475935273
929,1.4882474178374903,1812.118837263183,1380.180133265207
930,1.4487216870781758,1645.1786082765323,373.069537151521
931,0.36990712680440874,279.6589127089888,2336.7505711248364
932,1.4391879445686693,919.8690912593945,97.54142662551867
933,3.35943719686514,24.161579140014826,675.7655545403256
934,17.215314741184063,1.306346462021618,4614.814788580305
935,0.8362530818727738,527.7063598543901,128.13310005695135
936,0.4080270586052963,213.90605520897628,156.95162305862942
937,3.5236590889246266,60.05144922616903,1153.468443806204
938,11.74242298892084,133.779950607367,794.3695181581579
939,5.652844662781051,924.874769455272,27.623207432307815
940,23.30096364121069,413.87134392333127,276.5507622513945
941,3.2913421927683344,352.02542487464535,549.2537249990365
942,10.783471647924268,34.03990692302331,78.25582201302424
943,6.968355559161173,171.57576083975,377.09214423824545
944,14.000520786712212,270.18793066613165,480.13805714288674
945,9.32429409332096,358.0285233769126,224.39589552528642
946,8.551971163314258,223.37753471276443,113.44658148285664
947,10.741806640936522,1359.4076669989715,1948.1671514940138
948,16.26061326850301,340.2878714581572,172.83831974435176
949,15.004826489771899,32.9896202504721,194.51148796877786
950,2.087555970746303,1337.1473797753426,2099.359220394568
951,4.720771600331174,356.4453867750785,697.7875168786813
952,8.207537408993609,497.41883585448073,389.61918919765026
953,0.11591997660347056,1457.0837293436755,2537.057202628219
954,6.177518392933915,482.2929429405719,32.77146894327254
955,3.6931442185439685,507.59208668789626,407.8308790302846
956,25.620529147012498,141.53551211835776,534.4891182802487
957,0.5998282906924726,338.6415024392633,1364.6434128040353
958,26.131758113142887,1750.4775339687376,904.271906141323
959,0.4870704620422218,407.3809894564932,146.73898776058184
960,0.7162537425134914,874.2672647288119,149.33834846954707
961,0.06176639307154454,1276.1133393808832,2352.9533747400505
962,15.925235748854636,218.07058570029238,2909.7252643294664
963,0.15861095400630532,214.28800538184822,2780.5902339585978
964,8.171227423232537,406.39373842159,851.4680146298615
965,0.47858532091253403,863.4984585958033,1324.9452951868857
966,0.15297955782093325,301.5676903145626,2855.772132429051
967,1.3615611114084836,27.44577518936474,1177.4392480620393
968,8.015468406584066,208.9600393129765,2435.2196057834813
969,28.616161119707478,620.955082622841,615.2979379668287
970,17.98715285023304,228.83752084278524,1122.676143349396
971,0.840725394722151,547.3129540522477,1074.2238807395372
972,12.383113700149295,154.85995400449005,1017.7044741767231
973,2.1586517054520775,216.13283669252817,871.6416788935481
974,4.568895613187998,252.6786837743741,2968.2849990547693
975,2.2221324890233025,969.7822801025284,682.9778440136
976,3.5408584464933313,11.966354890878621,646.8595095698251
977,3.7400823529703677,568.6045606426312,267.6069646214106
978,3.707619618384867,42.07972348972701,1986.3364701510923
979,1.4413489857779243,859.5945980158712,15.212032979840227
980,1.2293506438549155,823.7975457263489,1138.8070655001789
981,24.528002069022897,1205.8520901250595,1311.427117443131
982,11.886079381873124,780.6669292388871,405.50592538452617
983,18.159454032602444,216.20536066710352,163.4679815713464
984,17.178384475868917,90.71549158650805,624.0071297210303
985,0.15347490611413359,691.4565753981275,1153.2286109988447
986,9.38629913168946,105.0416977021949,582.5508435202777
987,2.187095525694232,119.99462534914181,190.40781876812662
988,15.37442981123972,130.91180517980715,289.77765345078706
989,7.8569937499584235,705.084049050212,1512.7608149146508
990,4.223901815984872,1903.4084466282548,1335.348090005974
991,2.94738118863941,951.2940320669159,2596.859651262757
992,20.271539279744346,48.442038917446126,902.347047092474
993,20.41944483499213,994.4385496794596,598.5249668773885
994,19.66032592209424,307.27403058515074,588.8804715868192
995,23.668152432964664,1418.789690581581,2192.482376035643
996,7.400020269444698,949.5463502593968,553.9675936043099
997,8.922822588420154,103.27973225536572,1048.201133867331
998,35.427048747716995,626.0301538510414,569.9337981642964
999,5.025017951842067,286.1471904859817,702.1115176213774
